ticker,name,etfs,stock_id,stock_guid,oracle_value,oracle_value_intrinsic,dcf_value,profitability,financial_strength,oracle_moat,valuation,etf_weights
A,AGILENT TECHNOLOGIES INC,XLV,25749,a2d14bf5-5da6-4a92-a5dc-c2b9400376b3,97.79,97.79,97.77,MEDIUM,HIGH,NARROW,OVERVALUED,"{""XLV"": 0.621608}"
AAPL,APPLE INC,XLK,25601,3013be1f-d34c-451c-9f65-d0b0f724aa81,240.52,240.52,223.23,HIGH,HIGH,WIDE,OVERVALUED,"{""XLK"": 12.153867}"
ABBV,ABBVIE INC,XLV,27148,21fde58f-385d-40d4-9d48-c1fe0830c28e,128.61,128.61,349.68,MEDIUM,MEDIUM,WIDE,VERY_OVERVALUED,"{""XLV"": 7.103422}"
ABNB,AIRBNB INC CLASS A,XLY,32983,4ce8da2f-a7ee-49b2-8938-1a97520b4761,257.04,257.04,247.43,HIGH,HIGH,WIDE,VERY_UNDERVALUED,"{""XLY"": 1.363929}"
ABT,ABBOTT LABORATORIES,XLV,25978,83849a01-4255-4a52-953f-610dc05ee34b,73.48,73.48,118.57,HIGH,MEDIUM,NARROW,OVERVALUED,"{""XLV"": 3.002615}"
ACGL,ARCH CAPITAL GROUP LTD,XLF,25985,47e39117-c391-41fb-9b1c-33e6cebef3c0,111.39,111.39,256.28,HIGH,HIGH,NARROW,UNDERVALUED,"{""XLF"": 0.453874}"
ACN,ACCENTURE PLC CL A,XLK,24410,1cba3061-603a-4020-a19a-950416849bea,324.26,324.26,433.28,MEDIUM,HIGH,WIDE,VERY_UNDERVALUED,"{""XLK"": 0.817102}"
ADBE,ADOBE INC,XLK,25372,e66dc248-bd96-4d9d-b973-35b07aeb8128,438.25,438.25,581.42,HIGH,MEDIUM,WIDE,VERY_UNDERVALUED,"{""XLK"": 0.750673}"
ADI,ANALOG DEVICES INC,XLK,24013,b28f0ca9-b74c-410b-abd8-2c40e2e18055,427.96,427.96,475.39,LOW,HIGH,NARROW,FAIRLY_VALUED,"{""XLK"": 1.460593}"
ADM,ARCHER DANIELS MIDLAND CO,XLP,26216,7b8258ad-e5ec-4981-9322-433c083aa417,133.71,133.71,175.17,LOW,MEDIUM,NO_MOAT,VERY_UNDERVALUED,"{""XLP"": 2.339011}"
ADP,AUTOMATIC DATA PROCESSING,XLI,24794,62d0c16f-f520-4842-9206-992cb4f0bf51,256.16,256.16,288.77,HIGH,HIGH,WIDE,UNDERVALUED,"{""XLI"": 1.567718}"
ADSK,AUTODESK INC,XLK,24006,910d7e05-2f08-4fda-8da4-1123081c2484,295.98,295.98,304.01,MEDIUM,MEDIUM,NARROW,UNDERVALUED,"{""XLK"": 0.373363}"
AEE,AMEREN CORPORATION,XLU,24766,38e219c6-4db7-4220-b59a-97a300c52631,100.94,100.94,212.49,MEDIUM,LOW,NO_MOAT,OVERVALUED,"{""XLU"": 2.161624}"
AEP,AMERICAN ELECTRIC POWER,XLU,25349,057d1a8d-88ec-467c-b2eb-a7a139e22ce2,106.48,106.48,212.36,MEDIUM,LOW,NO_MOAT,OVERVALUED,"{""XLU"": 5.103185}"
AES,AES CORP,XLU,23946,9392e342-03ff-4112-8741-ec18d07b598e,19.13,19.13,53.83,LOW,LOW,NO_MOAT,UNDERVALUED,"{""XLU"": 0.699511}"
AFL,AFLAC INC,XLF,26118,2fdde92b-5f5b-46d0-a0cb-4d9012e0d7c8,81.96,81.96,91.39,HIGH,HIGH,NARROW,VERY_OVERVALUED,"{""XLF"": 0.713299}"
AIG,AMERICAN INTERNATIONAL GROUP,XLF,24336,2e812720-9e25-4c2c-93b2-42209af410f8,149.43,149.43,168.72,HIGH,HIGH,NARROW,VERY_UNDERVALUED,"{""XLF"": 0.539482}"
AIZ,ASSURANT INC,XLF,25622,07192673-9d08-4cb5-a9d7-e3224bb47a6b,304.76,304.76,643.19,HIGH,HIGH,NARROW,UNDERVALUED,"{""XLF"": 0.159102}"
AJG,ARTHUR J GALLAGHER + CO,XLF,24832,e1a0eee5-23fe-474d-b315-f438f13708f1,197.53,197.53,245.33,MEDIUM,HIGH,NARROW,FAIRLY_VALUED,"{""XLF"": 0.712935}"
AKAM,AKAMAI TECHNOLOGIES INC,XLK,24989,62322f76-e80d-4b11-922f-17041f102701,93.31,93.31,225.85,MEDIUM,MEDIUM,WIDE,OVERVALUED,"{""XLK"": 0.110082}"
ALB,ALBEMARLE CORP,XLB,24980,9beeedff-cf25-47ae-9344-44d09ff74067,168.92,168.92,737.18,LOW,MEDIUM,NO_MOAT,OVERVALUED,"{""XLB"": 2.822676}"
ALGN,ALIGN TECHNOLOGY INC,XLV,24515,558ec077-a23e-42ef-ac85-907f42215414,291.35,291.35,195.75,HIGH,MEDIUM,NARROW,VERY_UNDERVALUED,"{""XLV"": 0.223389}"
ALL,ALLSTATE CORP,XLF,24407,16e61321-4a07-41fd-ade8-dca1b94f10f0,247.99,247.99,373.66,HIGH,HIGH,NARROW,UNDERVALUED,"{""XLF"": 0.759256}"
ALLE,ALLEGION PLC,XLI,26687,6568edb0-c836-4916-a57d-d802a535e752,165.57,165.57,192.22,HIGH,HIGH,NARROW,UNDERVALUED,"{""XLI"": 0.216992}"
AMAT,APPLIED MATERIALS INC,XLK,26279,29f0fc50-1bd3-4ba0-8790-25441ba9d8aa,418.08,418.08,418.03,HIGH,HIGH,WIDE,FAIRLY_VALUED,"{""XLK"": 2.326688}"
AMCR,AMCOR PLC,XLB,32443,71d49825-bb86-423a-be7a-f34e36a36b31,30.7,30.7,34.19,LOW,MEDIUM,NO_MOAT,OVERVALUED,"{""XLB"": 2.140404}"
AMD,ADVANCED MICRO DEVICES,XLK,25427,f583659b-8065-42bd-852c-fe993e820df7,393.7,393.7,1323.58,MEDIUM,HIGH,NARROW,FAIRLY_VALUED,"{""XLK"": 4.294715}"
AME,AMETEK INC,XLI,24132,f800b24e-2d8e-452b-a189-11cc7ad101d8,145.74,145.74,145.72,HIGH,HIGH,NARROW,VERY_OVERVALUED,"{""XLI"": 0.995976}"
AMGN,AMGEN INC,XLV,25021,e3b3cffb-0851-4b94-bb9a-b0859bead1bf,377.55,377.55,260.69,HIGH,MEDIUM,WIDE,FAIRLY_VALUED,"{""XLV"": 3.546155}"
AMP,AMERIPRISE FINANCIAL INC,XLF,29335,9dbc3652-3e4e-47fa-b30a-a4979c4ae8a5,1139.83,1139.83,2489.9,HIGH,HIGH,NO_MOAT,VERY_UNDERVALUED,"{""XLF"": 0.582671}"
AMT,AMERICAN TOWER CORP,XLRE,24460,6b560112-d11f-4285-a2ea-f11a2c761c42,167.39,167.39,188.82,HIGH,LOW,NARROW,FAIRLY_VALUED,"{""XLRE"": 5.830529}"
AMZN,AMAZON.COM INC,XLY,25090,a68b23b8-3a88-40f9-bc75-4707f41c41e9,233.61,233.61,487.0,HIGH,HIGH,WIDE,OVERVALUED,"{""XLY"": 27.602151}"
ANET,ARISTA NETWORKS INC,XLK,27233,c362a619-7634-4287-ad74-3b8d73188d4a,144.29,144.29,177.59,HIGH,HIGH,WIDE,OVERVALUED,"{""XLK"": 1.32521}"
AON,AON PLC CLASS A,XLF,25305,e278a2ef-24fe-47a6-b2f3-691e875467e9,449.28,449.28,427.16,HIGH,HIGH,NARROW,VERY_UNDERVALUED,"{""XLF"": 0.89616}"
AOS,SMITH (A.O.) CORP,XLI,24355,99f320d9-63a5-4c63-939b-35f75c8572e0,92.56,92.56,101.41,HIGH,HIGH,NARROW,VERY_UNDERVALUED,"{""XLI"": 0.127536}"
APA,APA CORP,XLE,25975,26d8ccec-c433-48fb-8c06-bcf15a458fca,76.25,76.25,262.85,MEDIUM,MEDIUM,NO_MOAT,VERY_UNDERVALUED,"{""XLE"": 0.785813}"
APD,AIR PRODUCTS + CHEMICALS INC,XLB,24568,51135d50-a027-47e2-b857-b1c44e0df75d,298.22,298.22,380.87,MEDIUM,MEDIUM,WIDE,FAIRLY_VALUED,"{""XLB"": 4.686012}"
APH,AMPHENOL CORP CL A,XLK,24327,5dfcceb3-0b5f-4f75-a77e-438c451dbabb,175.05,175.05,219.24,HIGH,HIGH,NARROW,UNDERVALUED,"{""XLK"": 1.34517}"
APO,APOLLO GLOBAL MANAGEMENT INC,XLF,25345,f42210d0-332a-4ef8-b5f3-e125a3ea742f,152.19,152.19,322.54,HIGH,HIGH,NO_MOAT,UNDERVALUED,"{""XLF"": 0.803419}"
APP,APPLOVIN CORP CLASS A,XLK,33267,e8b8c6f8-6821-4291-9450-c659255ac2cc,523.25,523.25,1333.26,HIGH,HIGH,NARROW,UNDERVALUED,"{""XLK"": 0.898856}"
APTV,APTIV PLC,XLY,32004,f52139e3-48ef-40af-9812-d49134442a0d,93.03,93.03,141.24,MEDIUM,HIGH,NARROW,VERY_UNDERVALUED,"{""XLY"": 0.294079}"
ARE,ALEXANDRIA REAL ESTATE EQUIT,XLRE,24337,049c5208-53b0-47d6-9261-a4c32ac84dab,113.51,113.51,36.97,MEDIUM,HIGH,NO_MOAT,VERY_UNDERVALUED,"{""XLRE"": 0.661148}"
ARES,ARES MANAGEMENT CORP   A,XLF,30475,e391173d-c1a6-44bc-b372-9e0b4123a5a2,111,111.0,276.86,HIGH,HIGH,NO_MOAT,FAIRLY_VALUED,"{""XLF"": 0.325085}"
ATO,ATMOS ENERGY CORP,XLU,24779,9c3e152f-1027-4c79-832f-afc543787ba0,134.12,134.12,231.09,MEDIUM,MEDIUM,NO_MOAT,VERY_OVERVALUED,"{""XLU"": 2.162953}"
AVB,AVALONBAY COMMUNITIES INC,XLRE,25424,25f16057-4a77-4a58-a934-64e1c495b4b8,203.82,203.82,67.66,MEDIUM,HIGH,NO_MOAT,UNDERVALUED,"{""XLRE"": 2.711166}"
AVGO,BROADCOM INC,XLK,28916,e1025d75-9c88-4d60-ac05-169747f7733f,429.6,429.6,566.31,HIGH,HIGH,WIDE,FAIRLY_VALUED,"{""XLK"": 6.038127}"
AVY,AVERY DENNISON CORP,XLB,25242,827a7fb7-22e9-473d-a8e6-12fc1c0989c4,195.23,195.23,242.8,HIGH,HIGH,NARROW,UNDERVALUED,"{""XLB"": 1.543061}"
AWK,AMERICAN WATER WORKS CO INC,XLU,28097,da226753-fa1c-47cf-bc29-4b0c614c0b8d,172.13,172.13,148.4,MEDIUM,LOW,NO_MOAT,UNDERVALUED,"{""XLU"": 1.724903}"
AXON,AXON ENTERPRISE INC,XLI,24445,c42f5b79-dc7b-4d3a-b7d1-74ef2d731367,289.2,289.2,223.74,LOW,MEDIUM,WIDE,VERY_OVERVALUED,"{""XLI"": 0.582487}"
AXP,AMERICAN EXPRESS CO,XLF,25639,e8cf4ff4-005a-4bfa-985b-6a2d135ba1a2,285.12,285.12,800.88,HIGH,HIGH,WIDE,OVERVALUED,"{""XLF"": 2.325647}"
AZO,AUTOZONE INC,XLY,25538,77d31f28-f181-484c-bcec-17aca9aa4327,3224.64,3224.64,5236.13,MEDIUM,MEDIUM,WIDE,OVERVALUED,"{""XLY"": 1.408308}"
BA,BOEING CO/THE,XLI,25134,40046379-41dc-475f-b5df-03e7a93e5b17,210.24,210.24,4318.94,LOW,LOW,WIDE,FAIRLY_VALUED,"{""XLI"": 3.30427}"
BAC,BANK OF AMERICA CORP,XLF,24303,93dc9290-5f97-4f78-96e7-8a0bcc3fbbcc,46.53,46.53,111.51,MEDIUM,HIGH,WIDE,OVERVALUED,"{""XLF"": 4.76833}"
BALL,BALL CORP,XLB,25926,c6af7259-fe89-4016-a490-a447bbc1c7bc,45.36,45.36,109.33,MEDIUM,MEDIUM,NARROW,VERY_OVERVALUED,"{""XLB"": 1.993296}"
BAX,BAXTER INTERNATIONAL INC,XLV,24261,cbf11cc4-06d9-42a4-a13d-d019b179c294,36.49,36.49,18.88,LOW,MEDIUM,NARROW,VERY_UNDERVALUED,"{""XLV"": 0.172023}"
BBY,BEST BUY CO INC,XLY,25963,d4f20f76-3a0e-43e1-81bd-ce18c1c489ef,69.85,69.85,174.13,MEDIUM,MEDIUM,NO_MOAT,UNDERVALUED,"{""XLY"": 0.270429}"
BDX,BECTON DICKINSON AND CO,XLV,25851,6b5388b2-6c6c-4dd2-b9bf-1b31ca8fe5e3,56.76,56.76,169.96,LOW,MEDIUM,WIDE,VERY_OVERVALUED,"{""XLV"": 0.807124}"
BEN,FRANKLIN RESOURCES INC,XLF,24538,76ad28f3-7588-4de1-8f22-5fe68f4a65e7,23.3,23.3,24.86,LOW,HIGH,NO_MOAT,OVERVALUED,"{""XLF"": 0.123783}"
BF.B,BROWN FORMAN CORP CLASS B,XLP,26257,4ab3ca65-c799-47ed-9a86-8228db50d63e,19.59,19.59,20.42,MEDIUM,HIGH,WIDE,VERY_OVERVALUED,"{""XLP"": 0.28751}"
BG,BUNGE GLOBAL SA,XLP,25914,ef79ced1-a886-447b-bdcb-c322725caa7e,122.41,122.41,47.37,LOW,LOW,NO_MOAT,FAIRLY_VALUED,"{""XLP"": 1.123036}"
BIIB,BIOGEN INC,XLV,24806,72ca5216-98e4-4d30-a0c4-e68e3824c3f4,176.42,176.42,312.55,MEDIUM,MEDIUM,WIDE,FAIRLY_VALUED,"{""XLV"": 0.528311}"
BK,BANK OF NEW YORK MELLON CORP,XLF,27299,2ee4b196-c214-42d0-a622-281aa7537614,74.85,74.85,292.53,HIGH,HIGH,WIDE,VERY_OVERVALUED,"{""XLF"": 1.243149}"
BKNG,BOOKING HOLDINGS INC,XLY,26217,2e2eb95e-55d3-4084-b02b-4547432f96c1,185.89,185.89,348.46,MEDIUM,HIGH,WIDE,FAIRLY_VALUED,"{""XLY"": 3.11245}"
BKR,BAKER HUGHES CO,XLE,27776,10d11f8a-4e1b-4ba4-b852-2a8b96f06f6a,84.83,84.83,84.83,HIGH,MEDIUM,NO_MOAT,UNDERVALUED,"{""XLE"": 3.745351}"
BLDR,BUILDERS FIRSTSOURCE INC,XLI,29209,147a0473-2bb5-4346-8511-5877f9b94432,82.85,82.85,127.43,MEDIUM,MEDIUM,NO_MOAT,FAIRLY_VALUED,"{""XLI"": 0.160429}"
BLK,BLACKROCK INC,XLF,24736,9c1d23e9-13e8-4802-9c4c-5461b18d6a24,1021.51,1021.51,678.69,HIGH,HIGH,WIDE,FAIRLY_VALUED,"{""XLF"": 2.067004}"
BMY,BRISTOL MYERS SQUIBB CO,XLV,24446,9b453fbc-0e07-4ee4-8085-009c0f97e104,23.07,23.07,58.43,MEDIUM,HIGH,WIDE,VERY_OVERVALUED,"{""XLV"": 2.34679}"
BR,BROADRIDGE FINANCIAL SOLUTIO,XLI,30261,de01bd98-dbb1-41e9-91cd-150a15888f16,200.92,200.92,221.38,HIGH,MEDIUM,NARROW,UNDERVALUED,"{""XLI"": 0.32977}"
BRK.B,BERKSHIRE HATHAWAY INC CL B,XLF,26893,7dfeaee3-4b5d-417c-b59e-be10f1b2ddbd,490.67,490.67,461.48,MEDIUM,HIGH,WIDE,FAIRLY_VALUED,"{""XLF"": 11.673847}"
BRO,BROWN + BROWN INC,XLF,25232,af6eceac-c45e-4afa-b40b-267489dfd8ad,47.48,47.48,69.18,HIGH,HIGH,NO_MOAT,OVERVALUED,"{""XLF"": 0.236717}"
BSX,BOSTON SCIENTIFIC CORP,XLV,24016,fb8ac43f-4b69-47f8-b03b-e69a33e969f3,70.2,70.2,84.38,MEDIUM,HIGH,NARROW,UNDERVALUED,"{""XLV"": 1.624953}"
BX,BLACKSTONE INC,XLF,30202,8a21312b-ea0c-463c-bf70-75bf60e065d6,107.25,107.25,60.07,HIGH,MEDIUM,NARROW,OVERVALUED,"{""XLF"": 1.26384}"
BXP,BXP INC,XLRE,24693,454fda8c-45b0-478f-ba47-912a78e89a73,70.35,70.35,23.21,LOW,LOW,NO_MOAT,UNDERVALUED,"{""XLRE"": 0.901973}"
C,CITIGROUP INC,XLF,26313,a193596a-75e9-4a1d-981f-a69a0bf3956a,75.03,75.03,597.03,MEDIUM,HIGH,NO_MOAT,VERY_OVERVALUED,"{""XLF"": 3.006219}"
CAG,CONAGRA BRANDS INC,XLP,25580,82534d0b-e61d-4b32-949a-b861212835cc,27.61,27.61,16.58,LOW,LOW,NO_MOAT,VERY_UNDERVALUED,"{""XLP"": 0.44823}"
CAH,CARDINAL HEALTH INC,XLV,24290,e19dce86-0df4-4c56-87ae-fc79c3c33c26,194.15,194.15,722.94,MEDIUM,MEDIUM,NO_MOAT,FAIRLY_VALUED,"{""XLV"": 0.863249}"
CARR,CARRIER GLOBAL CORP,XLI,32656,e6c4214e-16df-4fdf-8b4e-2e6dc4a6c925,39.45,39.45,45.28,LOW,MEDIUM,NO_MOAT,VERY_OVERVALUED,"{""XLI"": 0.969565}"
CASY,CASEY S GENERAL STORES INC,XLP,25866,63d450b3-b08a-4cac-ba27-568aad7b53d5,538.59,538.59,1116.02,MEDIUM,HIGH,NO_MOAT,VERY_OVERVALUED,"{""XLP"": 1.004096}"
CAT,CATERPILLAR INC,XLI,26015,ebcfdbcc-2655-41b2-a650-39fc2c701e67,505.08,505.08,834.5,MEDIUM,HIGH,WIDE,VERY_OVERVALUED,"{""XLI"": 7.607931}"
CB,CHUBB LTD,XLF,30671,0cd8f708-781a-4181-b4dd-51f064e197a1,321.84,321.84,923.06,HIGH,HIGH,NARROW,FAIRLY_VALUED,"{""XLF"": 1.59883}"
CBOE,CBOE GLOBAL MARKETS INC,XLF,34817,0a26ea86-33da-4908-8fc3-792f9cd0f3ba,359.56,359.56,308.69,HIGH,HIGH,WIDE,UNDERVALUED,"{""XLF"": 0.422163}"
CBRE,CBRE GROUP INC   A,XLRE,28758,10d25b0e-dbe2-4ce4-b6df-db2e9b37cd14,129.71,129.71,124.28,MEDIUM,HIGH,NO_MOAT,OVERVALUED,"{""XLRE"": 4.339519}"
CCI,CROWN CASTLE INC,XLRE,24058,7f323ab5-44f0-4008-9b5f-8c3168a56293,156.99,156.99,295.55,MEDIUM,LOW,NO_MOAT,VERY_UNDERVALUED,"{""XLRE"": 4.045466}"
CCL,CARNIVAL CORP,XLY,25069,dbddc448-3427-4375-b74c-67a899b6fbd8,32.05,32.05,90.93,MEDIUM,LOW,NARROW,UNDERVALUED,"{""XLY"": 0.699349}"
CDNS,CADENCE DESIGN SYS INC,XLK,25519,bc408dfa-a950-45b9-ad4b-9733084f5ee5,219.09,219.09,145.03,HIGH,HIGH,WIDE,VERY_OVERVALUED,"{""XLK"": 0.666624}"
CDW,CDW CORP/DE,XLK,27971,0067542c-237d-4808-aed8-87e2874a7b69,142.89,142.89,141.28,MEDIUM,MEDIUM,NARROW,FAIRLY_VALUED,"{""XLK"": 0.13245}"
CEG,CONSTELLATION ENERGY,XLU,30073,1573a51a-2f0d-400e-bb63-e7cfa3d30683,201.84,201.84,629.84,MEDIUM,HIGH,NO_MOAT,VERY_OVERVALUED,"{""XLU"": 6.712359}"
CF,CF INDUSTRIES HOLDINGS INC,XLB,29886,5c689cf2-ed5f-436c-8b5e-8d79ea1f737a,120.63,120.63,183.78,HIGH,MEDIUM,NO_MOAT,FAIRLY_VALUED,"{""XLB"": 2.359028}"
CFG,CITIZENS FINANCIAL GROUP,XLF,31410,6cbc0759-81f0-49a4-bf6d-93c32aec7924,47.95,47.95,334.23,MEDIUM,HIGH,NO_MOAT,VERY_OVERVALUED,"{""XLF"": 0.371597}"
CHD,CHURCH + DWIGHT CO INC,XLP,25797,7ff9e5f4-b599-48ca-a614-87edd981bcb6,76.51,76.51,87.3,MEDIUM,HIGH,WIDE,OVERVALUED,"{""XLP"": 1.500111}"
CHRW,C.H. ROBINSON WORLDWIDE INC,XLI,29391,6afe1c2c-ea54-4c56-ab65-bb2526bab4a3,115.98,115.98,197.94,MEDIUM,MEDIUM,NARROW,VERY_OVERVALUED,"{""XLI"": 0.39561}"
CHTR,CHARTER COMMUNICATIONS INC A,XLC,29283,79a8fd2e-5be3-4b49-b0de-2ad59fac6ea2,378.62,378.62,2125.34,MEDIUM,LOW,NARROW,VERY_UNDERVALUED,"{""XLC"": 3.127183}"
CI,THE CIGNA GROUP,XLV,26035,053f743f-f45c-486b-a078-0cc9cacc9b4c,393.33,393.33,862.25,MEDIUM,HIGH,NARROW,UNDERVALUED,"{""XLV"": 1.456106}"
CIEN,CIENA CORP,XLK,27239,fb0a3607-1e84-48a8-8759-f4f6a103a536,72.77,72.77,3372.51,LOW,HIGH,NARROW,VERY_OVERVALUED,"{""XLK"": 0.552234}"
CINF,CINCINNATI FINANCIAL CORP,XLF,24746,c8ef6edd-d6e7-4369-b93c-358b5603e47d,304.62,304.62,394.48,HIGH,HIGH,NARROW,VERY_UNDERVALUED,"{""XLF"": 0.343134}"
CL,COLGATE PALMOLIVE CO,XLP,25139,d3b41385-b122-404a-a5da-cf0184777ac5,75.97,75.97,88.85,HIGH,HIGH,WIDE,OVERVALUED,"{""XLP"": 4.241341}"
CLX,CLOROX COMPANY,XLP,24269,069bcbe1-eab4-45b4-b474-d2150cc68d71,139.86,139.86,40.97,MEDIUM,LOW,NARROW,VERY_UNDERVALUED,"{""XLP"": 0.761396}"
CMCSA,COMCAST CORP CLASS A,XLC,28640,3b9b77c6-d941-4c66-a903-6e2122e1a0cb,59.05,59.05,126.85,MEDIUM,MEDIUM,NARROW,VERY_UNDERVALUED,"{""XLC"": 3.913869}"
CME,CME GROUP INC,XLF,29264,a78a7a03-2b7d-4696-9d4f-bc9d53cd671d,220.72,220.72,241.27,HIGH,HIGH,WIDE,VERY_OVERVALUED,"{""XLF"": 1.395202}"
CMG,CHIPOTLE MEXICAN GRILL INC,XLY,26588,6a68f886-2555-4283-99a8-423a117ba3a8,41.05,41.05,46.54,MEDIUM,MEDIUM,NARROW,UNDERVALUED,"{""XLY"": 1.015612}"
CMI,CUMMINS INC,XLI,26029,6db0bf95-2958-4156-85fd-67ceb456d619,565.57,565.57,729.33,HIGH,HIGH,NARROW,OVERVALUED,"{""XLI"": 1.703213}"
CMS,CMS ENERGY CORP,XLU,26319,15802ae9-674d-42e6-9b1e-33d9aff2fbfe,71.03,71.03,80.4,MEDIUM,LOW,NO_MOAT,FAIRLY_VALUED,"{""XLU"": 1.618201}"
CNC,CENTENE CORP,XLV,25261,5e2d1932-4ca8-4afb-8750-41a3db8789b9,60.99,60.99,2016.09,LOW,HIGH,NARROW,UNDERVALUED,"{""XLV"": 0.477051}"
CNP,CENTERPOINT ENERGY INC,XLU,25793,b0fe6124-2022-45e9-b981-1aef0e3628ff,32.22,32.22,47.45,MEDIUM,LOW,NO_MOAT,VERY_OVERVALUED,"{""XLU"": 1.961055}"
COF,CAPITAL ONE FINANCIAL CORP,XLF,24482,bc5df9a4-9740-4d9a-819c-8d2b3bb37ae8,176.95,176.95,1573.28,MEDIUM,HIGH,NARROW,FAIRLY_VALUED,"{""XLF"": 1.607374}"
COHR,COHERENT CORP,XLK,24007,a83f0326-c7a5-404f-aaea-647ccef8840c,164.08,164.08,330.62,LOW,MEDIUM,NARROW,VERY_OVERVALUED,"{""XLK"": 0.445398}"
COIN,COINBASE GLOBAL INC  CLASS A,XLF,31344,07e399e0-e598-4eba-bb31-2f28433af331,195.91,195.91,118.78,HIGH,MEDIUM,NARROW,FAIRLY_VALUED,"{""XLF"": 0.562924}"
COO,COOPER COS INC/THE,XLV,25135,a07862d9-36ad-40a5-85f8-b1513246911f,47.18,47.18,92.44,HIGH,HIGH,NARROW,VERY_OVERVALUED,"{""XLV"": 0.234447}"
COP,CONOCOPHILLIPS,XLE,26341,14a1353e-34a3-4cd8-86de-ea9bfe57a707,123.05,123.05,406.57,MEDIUM,HIGH,NO_MOAT,FAIRLY_VALUED,"{""XLE"": 7.071137}"
COR,CENCORA INC,XLV,25767,4c95f59f-f703-4030-bbe2-44197acfa952,469.3,469.3,563.88,MEDIUM,MEDIUM,NO_MOAT,VERY_UNDERVALUED,"{""XLV"": 1.139592}"
COST,COSTCO WHOLESALE CORP,XLP,24395,415d197c-90d6-41ea-b189-f762063248b3,569.64,569.64,787.32,MEDIUM,HIGH,WIDE,VERY_OVERVALUED,"{""XLP"": 9.456512}"
CPAY,CORPAY INC,XLF,35419,79e3ae82-0320-4d39-a72b-829ae292c2ca,638.73,638.73,729.87,HIGH,LOW,NARROW,VERY_UNDERVALUED,"{""XLF"": 0.288283}"
CPB,THE CAMPBELL S COMPANY,XLP,25241,a8a75da8-32a3-4e61-a937-7d49e9458f95,32.66,32.66,22.72,MEDIUM,MEDIUM,NO_MOAT,VERY_UNDERVALUED,"{""XLP"": 0.267115}"
CPRT,COPART INC,XLI,26203,4eecbc0b-7612-4d3b-8858-2680e2d39981,55.02,55.02,35.7,HIGH,HIGH,WIDE,VERY_UNDERVALUED,"{""XLI"": 0.541762}"
CPT,CAMDEN PROPERTY TRUST,XLRE,24188,a9912f7d-9f22-43d2-ab12-1e6900c3d7dc,124.65,124.65,25.43,LOW,LOW,NO_MOAT,UNDERVALUED,"{""XLRE"": 1.136353}"
CRH,CRH PLC,XLB,31813,1b921681-9119-466a-956f-fad287219b61,76.91,76.91,164.62,MEDIUM,HIGH,NO_MOAT,VERY_OVERVALUED,"{""XLB"": 4.93824}"
CRL,CHARLES RIVER LABORATORIES,XLV,25730,b6b2a115-6a7c-44ae-b51e-cce5f48be638,259.23,259.23,227.56,LOW,HIGH,NARROW,VERY_UNDERVALUED,"{""XLV"": 0.156297}"
CRM,SALESFORCE INC,XLK,28721,06a19b16-71af-4329-8b81-ec750cf72b03,314.85,314.85,433.47,MEDIUM,MEDIUM,WIDE,VERY_UNDERVALUED,"{""XLK"": 1.22912}"
CRWD,CROWDSTRIKE HOLDINGS INC   A,XLK,32430,a207132c-8156-4b69-a7e2-34f19a404b74,374.39,374.39,593.81,LOW,MEDIUM,NARROW,OVERVALUED,"{""XLK"": 0.834978}"
CSCO,CISCO SYSTEMS INC,XLK,25937,e712a509-d317-464f-8f0d-31203c9afe82,59.37,59.37,69.87,MEDIUM,MEDIUM,NARROW,VERY_OVERVALUED,"{""XLK"": 2.686414}"
CSGP,COSTAR GROUP INC,XLRE,24993,9ccb1497-3052-4fe1-b30f-0db0032193b7,86.91,86.91,260.03,LOW,MEDIUM,NARROW,VERY_UNDERVALUED,"{""XLRE"": 1.534912}"
CSX,CSX CORP,XLI,25534,6378aa75-b2b8-4513-9a48-11ca22142084,31.91,31.91,61.73,MEDIUM,MEDIUM,WIDE,VERY_OVERVALUED,"{""XLI"": 1.551966}"
CTAS,CINTAS CORP,XLI,23911,de679144-405c-4ef4-af87-951339cc89fe,179.32,179.32,141.08,HIGH,HIGH,WIDE,FAIRLY_VALUED,"{""XLI"": 1.091006}"
CTRA,COTERRA ENERGY INC,XLE,25659,99698b68-fa0e-41db-9c1e-12aacd517f33,29.78,29.78,122.76,MEDIUM,HIGH,NO_MOAT,OVERVALUED,"{""XLE"": 1.481963}"
CTSH,COGNIZANT TECH SOLUTIONS A,XLK,25276,ab7c31f6-fa91-4244-811a-cd3af3069cea,94.1,94.1,115.9,MEDIUM,HIGH,NARROW,VERY_UNDERVALUED,"{""XLK"": 0.187998}"
CTVA,CORTEVA INC,XLB,32428,f7e0569d-43f9-47b2-af79-b4c5d1a085eb,115.23,115.23,137.4,LOW,MEDIUM,NO_MOAT,UNDERVALUED,"{""XLB"": 4.468158}"
CVNA,CARVANA CO,XLY,31055,cb784198-c458-48ea-91e3-8ee641114a55,275.62,275.62,101.96,HIGH,MEDIUM,NO_MOAT,VERY_OVERVALUED,"{""XLY"": 1.284141}"
CVS,CVS HEALTH CORP,XLV,26183,96ff968f-927c-4b19-8f42-bce6b03f0618,41.74,41.74,212.99,LOW,LOW,NARROW,VERY_OVERVALUED,"{""XLV"": 2.015333}"
CVX,CHEVRON CORP,XLE,24668,2e3b20fb-fe73-4237-b8b4-0d528de76658,280.91,280.91,654.82,MEDIUM,HIGH,NARROW,VERY_UNDERVALUED,"{""XLE"": 16.627518}"
D,DOMINION ENERGY INC,XLU,25387,07e5e0b3-3218-4bd3-b1e6-51366b5394bc,70.3,70.3,55.2,MEDIUM,LOW,NO_MOAT,FAIRLY_VALUED,"{""XLU"": 3.790275}"
DAL,DELTA AIR LINES INC,XLI,30185,f5bf5fd9-d525-4e24-9a90-1a71725d240e,174.14,174.14,387.0,HIGH,MEDIUM,NO_MOAT,VERY_UNDERVALUED,"{""XLI"": 0.811405}"
DASH,DOORDASH INC   A,XLY,32975,47ddbe09-0b05-4331-a6bb-28d97fbb2971,303.82,303.82,405.13,MEDIUM,HIGH,NARROW,VERY_UNDERVALUED,"{""XLY"": 1.446358}"
DD,DUPONT DE NEMOURS INC,XLB,32433,a0667689-82d4-42a9-93f8-f08bc1846481,45.02,45.02,85.41,LOW,MEDIUM,NARROW,FAIRLY_VALUED,"{""XLB"": 2.275278}"
DDOG,DATADOG INC   CLASS A,XLK,32495,a55b9cb5-a4d1-4d98-9d00-09cc96b1bb2a,63.78,63.78,72.21,LOW,MEDIUM,NARROW,VERY_OVERVALUED,"{""XLK"": 0.322462}"
DE,DEERE + CO,XLI,25433,83e5775e-83c3-44d0-9655-eba80fa70777,465.43,465.43,864.68,HIGH,LOW,WIDE,OVERVALUED,"{""XLI"": 2.731733}"
DECK,DECKERS OUTDOOR CORP,XLY,25103,79e3539c-58b5-459e-9389-d6b513576391,158.66,158.66,158.67,HIGH,HIGH,NARROW,VERY_UNDERVALUED,"{""XLY"": 0.332817}"
DELL,DELL TECHNOLOGIES  C,XLK,32299,2d0f256c-1c34-4df3-8232-1cb61053923d,417.47,417.47,796.38,LOW,MEDIUM,NO_MOAT,VERY_UNDERVALUED,"{""XLK"": 0.461429}"
DG,DOLLAR GENERAL CORP,XLP,29168,0220fdb3-54c2-407c-9770-3ad33996708c,132.02,132.02,355.85,LOW,HIGH,NO_MOAT,UNDERVALUED,"{""XLP"": 1.665523}"
DGX,QUEST DIAGNOSTICS INC,XLV,25582,b6c0cc30-fc48-4934-82d5-28a54e9baf23,152.32,152.32,288.24,MEDIUM,HIGH,NO_MOAT,OVERVALUED,"{""XLV"": 0.406287}"
DHI,DR HORTON INC,XLY,25786,5a2861e8-1f0f-4711-bdf8-15b21ab62e41,194.1,194.1,194.1,MEDIUM,HIGH,NO_MOAT,UNDERVALUED,"{""XLY"": 0.950814}"
DHR,DANAHER CORP,XLV,24012,0694a2dc-450a-460a-8260-d31056942653,189.14,189.14,175.45,MEDIUM,MEDIUM,WIDE,FAIRLY_VALUED,"{""XLV"": 2.141298}"
DIS,WALT DISNEY CO/THE,XLC,25718,f6abefea-9c0c-4651-a68b-76e1a9fcc7ad,65.04,65.04,171.73,MEDIUM,MEDIUM,WIDE,VERY_OVERVALUED,"{""XLC"": 4.601313}"
DLR,DIGITAL REALTY TRUST INC,XLRE,26777,b2a969d1-9c6c-455b-ba7e-d0ba5b58ab2a,156.11,156.11,42.4,MEDIUM,HIGH,NO_MOAT,OVERVALUED,"{""XLRE"": 4.770286}"
DLTR,DOLLAR TREE INC,XLP,24375,71819f1e-572f-4b73-bb21-97919d0690e3,137.72,137.72,248.24,HIGH,MEDIUM,NO_MOAT,VERY_UNDERVALUED,"{""XLP"": 1.172632}"
DOC,HEALTHPEAK PROPERTIES INC,XLRE,30570,ab9797cd-eeb8-425d-8e0e-b6fba37c995b,21.06,21.06,70.6,MEDIUM,LOW,NO_MOAT,UNDERVALUED,"{""XLRE"": 1.17601}"
DOV,DOVER CORP,XLI,25010,c0683c2d-f7d8-4d0e-b66c-33759cfedf72,178.96,178.96,218.01,HIGH,MEDIUM,NARROW,OVERVALUED,"{""XLI"": 0.561014}"
DOW,DOW INC,XLB,32251,2c3654d1-b1c6-438f-a519-51b6ee24b794,41.25,41.25,170.65,LOW,LOW,NO_MOAT,FAIRLY_VALUED,"{""XLB"": 3.537985}"
DPZ,DOMINO S PIZZA INC,XLY,28111,413df729-3824-4d56-9db9-537ca9f5e1db,420.18,420.18,465.19,MEDIUM,MEDIUM,WIDE,UNDERVALUED,"{""XLY"": 0.242022}"
DRI,DARDEN RESTAURANTS INC,XLY,26176,b0b9c580-121a-4a41-b891-fac8fd2800ed,210.8,210.8,380.02,MEDIUM,MEDIUM,NARROW,FAIRLY_VALUED,"{""XLY"": 0.529677}"
DTE,DTE ENERGY COMPANY,XLU,25011,1ec88e2c-11b4-4170-8679-4a708f53949d,134.91,134.91,208.15,LOW,LOW,NO_MOAT,OVERVALUED,"{""XLU"": 2.167743}"
DUK,DUKE ENERGY CORP,XLU,27336,f3994ec5-9d8f-4492-8692-cbb40edae9d7,119.5,119.5,209.06,MEDIUM,LOW,NARROW,FAIRLY_VALUED,"{""XLU"": 6.932997}"
DVA,DAVITA INC,XLV,26349,b8fc0e98-fab6-4cfe-bb50-8e7aca18371b,139.08,139.08,1451.36,LOW,LOW,NARROW,FAIRLY_VALUED,"{""XLV"": 0.098582}"
DVN,DEVON ENERGY CORP,XLE,24335,3446939e-8e81-49f7-8ce7-ad6edeb6528b,95.36,95.36,238.2,MEDIUM,MEDIUM,NO_MOAT,VERY_UNDERVALUED,"{""XLE"": 1.73329}"
DXCM,DEXCOM INC,XLV,26598,bbffac6b-8782-43c7-9bce-abe53995573c,190.55,190.55,236.88,HIGH,HIGH,NARROW,VERY_UNDERVALUED,"{""XLV"": 0.435895}"
EA,ELECTRONIC ARTS INC,XLC,25960,c049c487-53e5-4f7b-8cca-9529d5134539,353.75,353.75,387.68,MEDIUM,MEDIUM,NARROW,VERY_UNDERVALUED,"{""XLC"": 4.178961}"
EBAY,EBAY INC,XLY,25606,f44e7394-95d7-4703-bd51-811ea8876b0b,80.92,80.92,104.91,HIGH,HIGH,NARROW,OVERVALUED,"{""XLY"": 1.072818}"
ECL,ECOLAB INC,XLB,25690,23690e53-13dc-4ac2-9897-8a5f14ec3abe,174.21,174.21,282.56,HIGH,HIGH,WIDE,VERY_OVERVALUED,"{""XLB"": 4.080012}"
ED,CONSOLIDATED EDISON INC,XLU,23957,824f8670-b37b-49a3-9f60-e0dfbc82f3e1,102.76,102.76,193.91,LOW,MEDIUM,NO_MOAT,FAIRLY_VALUED,"{""XLU"": 2.769213}"
EFX,EQUIFAX INC,XLI,24102,8aee671c-2923-43e4-842a-9ff195a634fe,282.6,282.6,410.65,LOW,MEDIUM,WIDE,VERY_UNDERVALUED,"{""XLI"": 0.384177}"
EG,EVEREST GROUP LTD,XLF,24579,1dbde19e-ad2f-484b-9deb-21174b5c4075,456.74,456.74,2853.58,HIGH,HIGH,NO_MOAT,UNDERVALUED,"{""XLF"": 0.195116}"
EIX,EDISON INTERNATIONAL,XLU,25703,7ced22e1-4319-40e5-98f5-aaf7715ce989,76.97,76.97,171.51,MEDIUM,LOW,NO_MOAT,FAIRLY_VALUED,"{""XLU"": 1.83998}"
EL,ESTEE LAUDER COMPANIES CL A,XLP,25761,33c54618-44d0-46f1-8a38-e636969f8462,130.04,130.04,324.76,LOW,MEDIUM,NARROW,VERY_UNDERVALUED,"{""XLP"": 1.238306}"
ELV,ELEVANCE HEALTH INC,XLV,28808,ae9cbfc9-5c6a-41ff-bc40-10dc059e7e0f,459.58,459.58,688.04,HIGH,HIGH,NARROW,UNDERVALUED,"{""XLV"": 1.580058}"
EME,EMCOR GROUP INC,XLI,25274,1f5a6bcd-9308-485d-8809-fc8443981489,723.25,723.25,723.25,HIGH,HIGH,NO_MOAT,OVERVALUED,"{""XLI"": 0.7334}"
EMR,EMERSON ELECTRIC CO,XLI,25745,bdf59b52-523b-4d43-bb73-72416344a4cd,118.71,118.71,107.15,HIGH,MEDIUM,NARROW,OVERVALUED,"{""XLI"": 1.449998}"
EOG,EOG RESOURCES INC,XLE,26225,f79ee58e-45b2-4e51-b8e7-0835aac11875,156.36,156.36,464.94,MEDIUM,MEDIUM,NO_MOAT,UNDERVALUED,"{""XLE"": 4.149096}"
EPAM,EPAM SYSTEMS INC,XLK,29745,30090a3f-0a0f-45ed-aa43-31d529e39c6f,264.55,264.55,276.75,MEDIUM,HIGH,NARROW,VERY_UNDERVALUED,"{""XLK"": 0.046714}"
EQIX,EQUINIX INC,XLRE,23959,92a39f37-cc19-4a3a-b09a-1e526bdb1cd9,877.55,877.55,1071.85,MEDIUM,LOW,WIDE,OVERVALUED,"{""XLRE"": 7.252328}"
EQR,EQUITY RESIDENTIAL,XLRE,25416,5bb1b9f2-9e45-4a99-b5ed-cb1b5d84f889,68.59,68.59,11.99,MEDIUM,HIGH,NO_MOAT,FAIRLY_VALUED,"{""XLRE"": 2.352007}"
EQT,EQT CORP,XLE,25270,25e7f81f-64b2-4330-889c-d63c0b437267,96.29,96.29,351.87,HIGH,MEDIUM,NO_MOAT,VERY_UNDERVALUED,"{""XLE"": 2.039617}"
ERIE,ERIE INDEMNITY COMPANY CL A,XLF,24938,a10f6993-a1e3-48f2-aeaf-8e3d0e868c96,466.91,466.91,538.72,HIGH,HIGH,NARROW,VERY_UNDERVALUED,"{""XLF"": 0.074764}"
ES,EVERSOURCE ENERGY,XLU,24569,0ee14135-8831-4892-b19c-bd44a919c8ab,80.42,80.42,114.52,MEDIUM,LOW,NO_MOAT,UNDERVALUED,"{""XLU"": 1.825425}"
ESS,ESSEX PROPERTY TRUST INC,XLRE,25148,89c59e21-2c60-4c18-b544-c6a43b8b9b98,311.07,311.07,102.24,MEDIUM,LOW,NO_MOAT,UNDERVALUED,"{""XLRE"": 1.774872}"
ETN,EATON CORP PLC,XLI,24769,e1255b72-fcf4-46d4-ad39-75983c3b155b,268.72,268.72,267.53,HIGH,HIGH,WIDE,VERY_OVERVALUED,"{""XLI"": 3.089544}"
ETR,ENTERGY CORP,XLU,24556,371698ad-e6a4-414f-94f9-7586f4ded5ae,64.87,64.87,281.86,MEDIUM,LOW,NO_MOAT,VERY_OVERVALUED,"{""XLU"": 3.650358}"
EVRG,EVERGY INC,XLU,24343,f0d5e126-e40b-4497-9e08-e3713ce607e6,66.43,66.43,144.8,LOW,LOW,NO_MOAT,OVERVALUED,"{""XLU"": 1.312398}"
EW,EDWARDS LIFESCIENCES CORP,XLV,24250,b48a5c10-1453-4b76-bfe3-9ac9d42c5fd4,61.76,61.76,90.09,HIGH,HIGH,WIDE,VERY_OVERVALUED,"{""XLV"": 0.921598}"
EXC,EXELON CORP,XLU,26356,819bafda-eb8f-47f3-8dd2-33e00fcc8c4a,47.27,47.27,74.14,MEDIUM,LOW,NO_MOAT,FAIRLY_VALUED,"{""XLU"": 3.237343}"
EXE,EXPAND ENERGY CORP,XLE,48326,91013023-899f-4dbe-80cb-952251ce40d7,212.35,212.35,1491.25,HIGH,MEDIUM,NO_MOAT,VERY_UNDERVALUED,"{""XLE"": 1.32345}"
EXPD,EXPEDITORS INTL WASH INC,XLI,24717,3448d39a-9187-4c24-b2a4-aed9cc874060,154.83,154.83,152.97,MEDIUM,MEDIUM,NARROW,FAIRLY_VALUED,"{""XLI"": 0.363568}"
EXPE,EXPEDIA GROUP INC,XLY,31335,8f21291d-4eaa-4a9f-b8cd-49d0f2f4bc66,321.81,321.81,920.76,HIGH,MEDIUM,NARROW,UNDERVALUED,"{""XLY"": 0.666594}"
EXR,EXTRA SPACE STORAGE INC,XLRE,29457,5b035024-4d32-483e-a74d-41720040ce20,295.72,295.72,67.2,HIGH,LOW,NO_MOAT,VERY_UNDERVALUED,"{""XLRE"": 3.183308}"
F,FORD MOTOR CO,XLY,25965,85418d9d-bd8b-4999-9fe2-61fdeadadee3,10.99,10.99,90.89,LOW,MEDIUM,NO_MOAT,FAIRLY_VALUED,"{""XLY"": 1.08598}"
FANG,DIAMONDBACK ENERGY INC,XLE,31389,946c9e6f-ea30-4945-9542-a00d895772b7,522.39,522.39,897.55,MEDIUM,MEDIUM,NO_MOAT,VERY_UNDERVALUED,"{""XLE"": 2.17118}"
FAST,FASTENAL CO,XLI,23954,5362a817-fe79-4792-ab26-896e29e73ded,31.54,31.54,31.55,MEDIUM,HIGH,NARROW,VERY_OVERVALUED,"{""XLI"": 0.947754}"
FCX,FREEPORT MCMORAN INC,XLB,24026,58599cb1-4c9f-444e-8320-ed9cc5e21781,96.79,96.79,219.76,MEDIUM,HIGH,NO_MOAT,VERY_UNDERVALUED,"{""XLB"": 5.0253}"
FDS,FACTSET RESEARCH SYSTEMS INC,XLF,26079,57c15e11-adbd-43e0-b416-072ed74d3edb,337.91,337.91,450.88,LOW,HIGH,NARROW,VERY_UNDERVALUED,"{""XLF"": 0.113491}"
FDX,FEDEX CORP,XLI,24563,4d8fed25-606c-4310-a3af-4bf828cfe52f,451.06,451.06,892.77,MEDIUM,HIGH,NARROW,UNDERVALUED,"{""XLI"": 1.60266}"
FE,FIRSTENERGY CORP,XLU,26004,f14a10f2-0bbb-4cfd-a40e-2a4f378640a3,48.89,48.89,73.44,MEDIUM,LOW,NO_MOAT,FAIRLY_VALUED,"{""XLU"": 1.700156}"
FFIV,F5 INC,XLK,25875,713e221e-7f2d-487c-b72c-8d141e8e8305,278.11,278.11,291.97,HIGH,HIGH,NARROW,OVERVALUED,"{""XLK"": 0.136059}"
FICO,FAIR ISAAC CORP,XLK,24783,0d835e60-fe70-4477-81b7-77b682f44b24,1735.91,1735.91,2196.44,MEDIUM,MEDIUM,WIDE,VERY_UNDERVALUED,"{""XLK"": 0.180671}"
FIS,FIDELITY NATIONAL INFO SERV,XLF,29337,30eb3b59-eb30-43d1-98f7-8c877f2ef759,74.56,74.56,110.98,LOW,MEDIUM,NARROW,VERY_UNDERVALUED,"{""XLF"": 0.323904}"
FISV,FISERV INC,XLF,24416,fa22fdef-4adc-4448-9074-a9ca2f3174f3,166.86,166.86,249.56,MEDIUM,MEDIUM,NARROW,VERY_UNDERVALUED,"{""XLF"": 0.452955}"
FITB,FIFTH THIRD BANCORP,XLF,24284,83992397-a966-4091-af83-1308c4628def,51.14,51.14,164.69,HIGH,HIGH,NO_MOAT,FAIRLY_VALUED,"{""XLF"": 0.614121}"
FIX,COMFORT SYSTEMS USA INC,XLI,24745,f21a3fd8-b870-46b5-a41f-08393b28827e,3043.52,3043.52,3655.55,HIGH,HIGH,NO_MOAT,VERY_UNDERVALUED,"{""XLI"": 1.189744}"
FOX,FOX CORP   CLASS B,XLC,45745,e097382d-2177-48d3-ae66-93f8a2f3a931,68.68,68.68,62.12,MEDIUM,HIGH,NO_MOAT,UNDERVALUED,"{""XLC"": 1.733317}"
FOXA,FOX CORP   CLASS A,XLC,32350,d592ed7b-23fe-456d-8226-b14ef3db5c93,68.68,68.68,62.12,MEDIUM,HIGH,NO_MOAT,FAIRLY_VALUED,"{""XLC"": 2.736165}"
FRT,FEDERAL REALTY INVS TRUST,XLRE,24846,50d5bd25-bf64-48c3-be38-165ed74ccf36,114.16,114.16,24.26,HIGH,LOW,NO_MOAT,FAIRLY_VALUED,"{""XLRE"": 0.91101}"
FSLR,FIRST SOLAR INC,XLK,30021,b66dbe2a-f1ee-4b0e-bbed-943039e08ff0,474.97,474.97,690.12,HIGH,HIGH,NO_MOAT,VERY_UNDERVALUED,"{""XLK"": 0.161001}"
FTNT,FORTINET INC,XLK,29380,363c9b9c-c741-4ce3-8004-f76af9defbf8,92.63,92.63,69.59,HIGH,HIGH,WIDE,FAIRLY_VALUED,"{""XLK"": 0.396007}"
FTV,FORTIVE CORP,XLI,31772,c95552df-3430-469e-bf1d-df564422849f,49.3,49.3,56.43,LOW,MEDIUM,NARROW,OVERVALUED,"{""XLI"": 0.343752}"
GD,GENERAL DYNAMICS CORP,XLI,24540,d5301056-5f4c-407b-af95-6e47a23c60bf,452.71,452.71,545.02,MEDIUM,HIGH,WIDE,UNDERVALUED,"{""XLI"": 1.605214}"
GDDY,GODADDY INC   CLASS A,XLK,28661,3b76c97e-7d27-4339-b6bd-2632ad6b235d,189.52,189.52,380.07,HIGH,MEDIUM,NARROW,VERY_UNDERVALUED,"{""XLK"": 0.087155}"
GE,GENERAL ELECTRIC,XLI,25033,b7f5f052-8ffc-4d4b-92b1-a61fbd9798a5,207.35,207.35,224.17,HIGH,MEDIUM,WIDE,VERY_OVERVALUED,"{""XLI"": 5.586051}"
GEHC,GE HEALTHCARE TECHNOLOGY,XLV,33511,5b542305-fc4e-4230-b043-6c454a0a46a8,88.56,88.56,88.56,LOW,HIGH,NARROW,VERY_UNDERVALUED,"{""XLV"": 0.527367}"
GEN,GEN DIGITAL INC,XLK,24028,72815068-08ce-4e42-8211-ec52e5b8dd3d,15.99,15.99,60.38,MEDIUM,LOW,NARROW,OVERVALUED,"{""XLK"": 0.079003}"
GEV,GE VERNOVA INC,XLI,52344,4fa8f18d-3165-463d-8469-e0bf7dd7abed,674.03,674.03,1657.21,MEDIUM,MEDIUM,NO_MOAT,VERY_OVERVALUED,"{""XLI"": 5.364561}"
GILD,GILEAD SCIENCES INC,XLV,24890,820470b1-3f31-4af7-84a8-06c4ffd65a69,146.4,146.4,155.59,HIGH,HIGH,WIDE,UNDERVALUED,"{""XLV"": 3.087437}"
GIS,GENERAL MILLS INC,XLP,25353,212b2765-3859-44a9-a64f-00ff3128b95c,41.16,41.16,23.69,MEDIUM,LOW,NO_MOAT,UNDERVALUED,"{""XLP"": 1.23023}"
GL,GLOBE LIFE INC,XLF,25597,7a25badc-001a-414e-9ee2-fbbb90a21f01,313.29,313.29,408.53,HIGH,HIGH,NO_MOAT,VERY_UNDERVALUED,"{""XLF"": 0.165116}"
GLW,CORNING INC,XLK,24259,f2f64ca9-80da-4611-8689-417413c37b0c,189.84,189.84,309.85,HIGH,HIGH,NARROW,UNDERVALUED,"{""XLK"": 0.952829}"
GM,GENERAL MOTORS CO,XLY,26955,1a5912e1-7b09-4869-acf1-562cc9141b94,65.36,65.36,411.55,MEDIUM,MEDIUM,NO_MOAT,OVERVALUED,"{""XLY"": 1.594551}"
GNRC,GENERAC HOLDINGS INC,XLI,26772,f3c88510-281f-4336-a7aa-9916c089c951,189.27,189.27,294.66,MEDIUM,HIGH,NARROW,VERY_OVERVALUED,"{""XLI"": 0.279069}"
GOOG,ALPHABET INC CL C,XLC,37019,0ba7f2c2-1039-4110-ac08-0b43bdf9f1bf,303.07,303.07,400.83,HIGH,HIGH,WIDE,OVERVALUED,"{""XLC"": 7.889703}"
GOOGL,ALPHABET INC CL A,XLC,26652,e754b9f6-1328-4d45-9606-0f5d3dcd9667,298.27,298.27,400.83,HIGH,HIGH,WIDE,OVERVALUED,"{""XLC"": 9.895406}"
GPC,GENUINE PARTS CO,XLY,25089,e22e72a8-9668-452d-a306-6d20058119f3,159.23,159.23,160.02,MEDIUM,HIGH,NARROW,VERY_UNDERVALUED,"{""XLY"": 0.342174}"
GPN,GLOBAL PAYMENTS INC,XLF,25698,1ce820dd-cf0e-4466-a7e3-983eb19f5b8f,181.86,181.86,510.18,LOW,MEDIUM,NARROW,VERY_UNDERVALUED,"{""XLF"": 0.230217}"
GRMN,GARMIN LTD,XLY,24185,f64dfb84-6ae7-4f78-8159-098a3f2e5022,212.69,212.69,212.68,HIGH,HIGH,NARROW,OVERVALUED,"{""XLY"": 0.941729}"
GS,GOLDMAN SACHS GROUP INC,XLF,25111,8de278c2-876b-4d5a-85e4-3c41192b2021,520.39,520.39,,MEDIUM,HIGH,NARROW,VERY_OVERVALUED,"{""XLF"": 3.724212}"
GWW,WW GRAINGER INC,XLI,25161,5b448318-a536-449c-b9a9-6569533d0317,926.84,926.84,919.22,HIGH,HIGH,WIDE,OVERVALUED,"{""XLI"": 0.93328}"
HAL,HALLIBURTON CO,XLE,24268,abc54563-273d-49fc-b73f-17d68bcf4a37,40.32,40.32,72.01,MEDIUM,HIGH,NO_MOAT,FAIRLY_VALUED,"{""XLE"": 1.927233}"
HAS,HASBRO INC,XLY,25040,25855ae9-8381-4f9d-84b0-ccb27c10388b,36.41,36.41,106.07,LOW,MEDIUM,NO_MOAT,VERY_OVERVALUED,"{""XLY"": 0.293133}"
HBAN,HUNTINGTON BANCSHARES INC,XLF,25246,740aa5f2-b79a-4a6b-a643-0d2ac8e0509d,17.75,17.75,27.55,MEDIUM,HIGH,NO_MOAT,FAIRLY_VALUED,"{""XLF"": 0.457284}"
HCA,HCA HEALTHCARE INC,XLV,28571,391aedef-db09-4236-a129-b04ae561bb60,442.19,442.19,1261.03,MEDIUM,LOW,NARROW,FAIRLY_VALUED,"{""XLV"": 1.293431}"
HD,HOME DEPOT INC,XLY,26043,c9e2a50c-5a19-4042-a256-fcf1b9683036,249.28,249.28,249.25,MEDIUM,HIGH,WIDE,VERY_OVERVALUED,"{""XLY"": 5.474004}"
HIG,HARTFORD INSURANCE GROUP INC,XLF,25101,0815a890-f8e1-4420-82a4-a554928b6d9c,119.18,119.18,365.53,HIGH,HIGH,NARROW,OVERVALUED,"{""XLF"": 0.512913}"
HII,HUNTINGTON INGALLS INDUSTRIE,XLI,31160,bf2f6ea2-ff8c-4593-a829-6e3d79d4151b,246.49,246.49,911.74,MEDIUM,HIGH,WIDE,VERY_OVERVALUED,"{""XLI"": 0.262239}"
HLT,HILTON WORLDWIDE HOLDINGS IN,XLY,29178,de601d3a-6259-41f6-9e54-37cbfd24dfb4,133.07,133.07,221.94,MEDIUM,HIGH,WIDE,VERY_OVERVALUED,"{""XLY"": 1.704692}"
HON,HONEYWELL INTERNATIONAL INC,XLI,24234,ec173aba-3432-45f9-971b-d7124db36ae3,171.97,171.97,160.29,MEDIUM,MEDIUM,WIDE,OVERVALUED,"{""XLI"": 2.499783}"
HOOD,ROBINHOOD MARKETS INC   A,XLF,33439,2e0e0d6f-86a1-4267-9ae4-0745519acd3f,59.64,59.64,,HIGH,MEDIUM,NO_MOAT,OVERVALUED,"{""XLF"": 0.774346}"
HPE,HEWLETT PACKARD ENTERPRISE,XLK,29795,28f6372a-ec11-4776-99f7-57232803c1e3,19.89,19.89,106.48,LOW,MEDIUM,NARROW,VERY_OVERVALUED,"{""XLK"": 0.284077}"
HPQ,HP INC,XLK,30518,319bdf11-370d-4a0d-9bc6-33d3df843cf3,25.25,25.25,58.25,LOW,MEDIUM,NO_MOAT,UNDERVALUED,"{""XLK"": 0.142291}"
HRL,HORMEL FOODS CORP,XLP,25946,c5787f67-39cc-472d-a148-ffdcedbed16f,21.69,21.69,28.15,MEDIUM,HIGH,NO_MOAT,FAIRLY_VALUED,"{""XLP"": 0.408735}"
HSIC,HENRY SCHEIN INC,XLV,24025,7cf8c66b-313b-4bec-b0fd-d18c11390876,73.02,73.02,105.9,MEDIUM,HIGH,NO_MOAT,FAIRLY_VALUED,"{""XLV"": 0.141953}"
HST,HOST HOTELS + RESORTS INC,XLRE,25237,354e3217-bc3c-4d18-a21e-edbc454d1ebe,17.71,17.71,16.83,MEDIUM,HIGH,NO_MOAT,OVERVALUED,"{""XLRE"": 1.414021}"
HSY,HERSHEY CO/THE,XLP,24466,48002be5-642b-46e2-9e86-be9725660f4f,208.94,208.94,379.26,MEDIUM,HIGH,WIDE,UNDERVALUED,"{""XLP"": 1.797044}"
HUBB,HUBBELL INC,XLI,26131,51be2ff0-c771-47ba-8023-61c1c11ccc9c,375.26,375.26,438.93,HIGH,HIGH,NARROW,VERY_OVERVALUED,"{""XLI"": 0.496341}"
HUM,HUMANA INC,XLV,26248,9eeda480-26bf-4327-bfee-141e2c34ba68,197.75,197.75,542.01,MEDIUM,HIGH,NARROW,OVERVALUED,"{""XLV"": 0.542261}"
HWM,HOWMET AEROSPACE INC,XLI,31841,621eeada-16b5-46a6-af23-64722a17e7c2,149.08,149.08,197.1,HIGH,HIGH,NARROW,VERY_OVERVALUED,"{""XLI"": 1.790172}"
IBKR,INTERACTIVE BROKERS GRO CL A,XLF,30188,eb3b7a8a-ffea-4a86-9ff1-56dc727b5a41,53.86,53.86,1784.05,HIGH,MEDIUM,NARROW,VERY_OVERVALUED,"{""XLF"": 0.475926}"
IBM,INTL BUSINESS MACHINES CORP,XLK,24999,56925375-96cf-446c-8bfe-d2d337d3a15f,123.6,123.6,178.57,HIGH,LOW,NARROW,VERY_OVERVALUED,"{""XLK"": 1.604329}"
ICE,INTERCONTINENTAL EXCHANGE IN,XLF,30426,34949540-342f-4387-8f5f-c7e03510f107,165.02,165.02,201.64,HIGH,HIGH,WIDE,FAIRLY_VALUED,"{""XLF"": 1.206795}"
IDXX,IDEXX LABORATORIES INC,XLV,25894,c846deb5-1835-48e6-8eb9-11c253478de6,428.84,428.84,392.39,HIGH,HIGH,NARROW,VERY_OVERVALUED,"{""XLV"": 0.85172}"
IEX,IDEX CORP,XLI,24721,8b70d6bf-e313-49b7-a91f-c19e8560032c,163.39,163.39,183.18,MEDIUM,HIGH,NARROW,VERY_OVERVALUED,"{""XLI"": 0.299099}"
IFF,INTL FLAVORS + FRAGRANCES,XLB,26346,83171373-3705-40dd-973a-ce8c30c3f876,80.25,80.25,45.91,LOW,MEDIUM,NARROW,UNDERVALUED,"{""XLB"": 2.18925}"
INCY,INCYTE CORP,XLV,25665,4e41892f-2165-4ef9-af2f-a69afea39cfd,126.84,126.84,86.15,HIGH,HIGH,NARROW,UNDERVALUED,"{""XLV"": 0.302901}"
INTC,INTEL CORP,XLK,25907,5faf7691-10e4-474f-891c-39e03cccfdfe,34.94,34.94,49729.61,LOW,MEDIUM,NO_MOAT,VERY_OVERVALUED,"{""XLK"": 3.296377}"
INTU,INTUIT INC,XLK,26089,efd75cad-6451-45d5-b772-c76d353e09af,583.78,583.78,758.78,HIGH,HIGH,WIDE,VERY_UNDERVALUED,"{""XLK"": 0.803334}"
INVH,INVITATION HOMES INC,XLRE,31862,0076237a-338d-4fac-9fd3-e8410359e795,32.25,32.25,8.44,MEDIUM,LOW,NO_MOAT,UNDERVALUED,"{""XLRE"": 1.697798}"
IP,INTERNATIONAL PAPER CO,XLB,24137,33787e5c-f50b-4052-baf9-421317901ca6,48.8,48.8,159.97,LOW,MEDIUM,NO_MOAT,VERY_UNDERVALUED,"{""XLB"": 1.956092}"
IQV,IQVIA HOLDINGS INC,XLV,27555,ee841ee9-90d3-4cb5-8635-030c003f66d5,180.42,180.42,254.35,LOW,LOW,WIDE,UNDERVALUED,"{""XLV"": 0.510863}"
IR,INGERSOLL RAND INC,XLI,28704,44986baa-2907-48ed-a36f-83f6896bd617,51.96,51.96,57.47,LOW,HIGH,NARROW,VERY_OVERVALUED,"{""XLI"": 0.522234}"
IRM,IRON MOUNTAIN INC,XLRE,26154,06215854-c8ac-46f4-891b-51cd6f6dd07f,117.67,117.67,74.52,MEDIUM,LOW,NO_MOAT,FAIRLY_VALUED,"{""XLRE"": 3.899959}"
ISRG,INTUITIVE SURGICAL INC,XLV,26002,6802a30c-89bb-431b-beea-8f2bd4a7bdd7,242.06,242.06,248.64,HIGH,HIGH,WIDE,VERY_OVERVALUED,"{""XLV"": 3.090829}"
IT,GARTNER INC,XLK,27369,4f7f132d-96a6-4109-9acb-8aef39f8d074,358.14,358.14,617.28,MEDIUM,MEDIUM,NARROW,VERY_UNDERVALUED,"{""XLK"": 0.077741}"
ITW,ILLINOIS TOOL WORKS,XLI,24192,c906f038-ed3a-46a9-8805-26e707cbcd91,191.52,191.52,191.91,HIGH,HIGH,WIDE,VERY_OVERVALUED,"{""XLI"": 1.243123}"
IVZ,INVESCO LTD,XLF,29439,05e88230-4a74-4edd-9117-32f75ec9b8f4,22.09,22.09,111.18,MEDIUM,MEDIUM,NO_MOAT,OVERVALUED,"{""XLF"": 0.156431}"
J,JACOBS SOLUTIONS INC,XLI,26277,0e061b91-91b9-4f38-95a0-1e44ef74766c,247.56,247.56,272.24,MEDIUM,MEDIUM,NARROW,VERY_UNDERVALUED,"{""XLI"": 0.278812}"
JBHT,HUNT (JB) TRANSPRT SVCS INC,XLI,25048,6fb8c856-7db8-41ed-a12e-851ec6988dd4,481.47,481.47,767.02,MEDIUM,MEDIUM,NO_MOAT,VERY_UNDERVALUED,"{""XLI"": 0.344836}"
JBL,JABIL INC,XLK,25379,71b01c28-a4d8-4673-8f7d-6e36afee421c,527.2,527.2,721.31,MEDIUM,MEDIUM,NO_MOAT,VERY_UNDERVALUED,"{""XLK"": 0.264849}"
JCI,JOHNSON CONTROLS INTERNATION,XLI,28723,0a65a28e-8729-40e3-8332-be5bcbf42fe3,101.32,101.32,88.13,MEDIUM,MEDIUM,NARROW,VERY_OVERVALUED,"{""XLI"": 1.641992}"
JKHY,JACK HENRY + ASSOCIATES INC,XLF,24057,b5f1fd9d-6b2d-4888-abc1-22a3e78c5ddd,141.97,141.97,213.7,HIGH,HIGH,WIDE,FAIRLY_VALUED,"{""XLF"": 0.149127}"
JNJ,JOHNSON + JOHNSON,XLV,24517,fbc33f9c-0919-44ff-a50f-7de505b51db3,176.22,176.22,192.69,HIGH,MEDIUM,WIDE,VERY_OVERVALUED,"{""XLV"": 10.535166}"
JPM,JPMORGAN CHASE + CO,XLF,24179,c60c385e-3018-4688-b0f9-baa7d8fd3223,236.6,236.6,796.61,HIGH,HIGH,WIDE,VERY_OVERVALUED,"{""XLF"": 11.352155}"
KDP,KEURIG DR PEPPER INC,XLP,27019,59d187e5-6f19-4c77-b8ea-74100701e5c3,25.22,25.22,26.97,LOW,LOW,NO_MOAT,OVERVALUED,"{""XLP"": 2.60808}"
KEY,KEYCORP,XLF,24024,06d55e01-6abd-4bbe-9cb4-63992d99dad6,19.69,19.69,58.35,HIGH,HIGH,NO_MOAT,OVERVALUED,"{""XLF"": 0.278495}"
KEYS,KEYSIGHT TECHNOLOGIES IN,XLK,31327,88edf7a7-1716-4a14-bfec-798e29090de5,282.79,282.79,310.65,MEDIUM,HIGH,NARROW,OVERVALUED,"{""XLK"": 0.445997}"
KHC,KRAFT HEINZ CO/THE,XLP,31664,08068d6c-aa69-4d03-af92-34b6165fa147,30.22,30.22,31.3,LOW,MEDIUM,NO_MOAT,UNDERVALUED,"{""XLP"": 1.261069}"
KIM,KIMCO REALTY CORP,XLRE,24419,0ab5b40f-2673-49fe-8ce1-8201fda64176,21.26,21.26,12.78,MEDIUM,HIGH,NO_MOAT,OVERVALUED,"{""XLRE"": 1.667455}"
KKR,KKR + CO INC,XLF,28380,9116157a-1212-474d-aab6-f8746ab0c078,81.96,81.96,453.17,HIGH,MEDIUM,NO_MOAT,OVERVALUED,"{""XLF"": 0.962746}"
KLAC,KLA CORP,XLK,25337,af1206d0-c62e-40f4-b8e2-447722f8f626,1327.28,1327.28,1327.37,HIGH,HIGH,WIDE,VERY_OVERVALUED,"{""XLK"": 1.704943}"
KMB,KIMBERLY CLARK CORP,XLP,25986,eb4ca295-2ef6-4422-be6b-cc12c79dc44f,138.63,138.63,139.35,MEDIUM,MEDIUM,NO_MOAT,UNDERVALUED,"{""XLP"": 2.133306}"
KMI,KINDER MORGAN INC,XLE,26845,9afe9f76-5b8c-4486-b3fc-5e18e89f93b5,14.06,14.06,42.31,MEDIUM,LOW,NARROW,VERY_OVERVALUED,"{""XLE"": 3.50066}"
KO,COCA COLA CO/THE,XLP,24194,10fd2871-fad2-45f5-a9e6-293ca4f7e5ae,54.27,54.27,58.43,HIGH,HIGH,WIDE,VERY_OVERVALUED,"{""XLP"": 6.412467}"
KR,KROGER CO,XLP,25781,59dc46fc-9834-4f39-a30c-34cfdd6ac673,33.93,33.93,195.02,MEDIUM,MEDIUM,NO_MOAT,VERY_OVERVALUED,"{""XLP"": 2.587821}"
KVUE,KENVUE INC,XLP,34028,447219ab-e4b6-4042-82e8-4da12a7b4ac9,12.69,12.69,17.23,LOW,MEDIUM,NARROW,VERY_OVERVALUED,"{""XLP"": 2.193152}"
L,LOEWS CORP,XLF,25350,3293bfd6-4a75-4915-8d7d-4075282049eb,102.57,102.57,871.86,MEDIUM,HIGH,NO_MOAT,FAIRLY_VALUED,"{""XLF"": 0.255733}"
LDOS,LEIDOS HOLDINGS INC,XLI,27204,767a0f1d-282e-4eec-9f62-624af8f4ef88,216.55,216.55,233.45,MEDIUM,HIGH,NARROW,VERY_UNDERVALUED,"{""XLI"": 0.349974}"
LEN,LENNAR CORP W/D,XLY,24944,b114da3b-733b-4b2d-a2df-194c63ad01fe,63.37,63.37,18.78,MEDIUM,HIGH,NO_MOAT,VERY_OVERVALUED,"{""XLY"": 0.446925}"
LH,LABCORP HOLDINGS INC,XLV,24426,593866a8-76ec-475b-bda4-aa63395cfdda,271.25,271.25,401.58,MEDIUM,MEDIUM,NARROW,FAIRLY_VALUED,"{""XLV"": 0.404912}"
LHX,L3HARRIS TECHNOLOGIES INC,XLI,24302,6d84f0af-6fbb-4298-8089-a5ca3132e946,420.18,420.18,505.74,LOW,MEDIUM,WIDE,UNDERVALUED,"{""XLI"": 1.099918}"
LII,LENNOX INTERNATIONAL INC,XLI,26158,e36d6823-e318-4dc5-b400-bcb1bc7cf39c,467.14,467.14,467.09,HIGH,HIGH,NARROW,OVERVALUED,"{""XLI"": 0.313161}"
LIN,LINDE PLC,XLB,32273,1d8d8910-722e-4ec0-844d-4af5afffd84f,440.94,440.94,569.7,HIGH,MEDIUM,WIDE,OVERVALUED,"{""XLB"": 14.161369}"
LITE,LUMENTUM HOLDINGS INC,XLK,30531,64e05100-392c-494c-a70b-d295c3a2a535,121.56,121.56,40863.13,MEDIUM,LOW,NARROW,VERY_OVERVALUED,"{""XLK"": 0.47871}"
LLY,ELI LILLY + CO,XLV,24359,1a6b60bf-dff4-48a7-9692-475e571e2f59,1829.61,1829.61,989.02,HIGH,HIGH,WIDE,VERY_UNDERVALUED,"{""XLV"": 14.085711}"
LMT,LOCKHEED MARTIN CORP,XLI,23965,625de6dc-e19c-4b08-9f5e-b9ee6b3906eb,658.01,658.01,979.28,MEDIUM,HIGH,WIDE,UNDERVALUED,"{""XLI"": 1.926619}"
LNT,ALLIANT ENERGY CORP,XLU,24494,54f0141e-c24b-4bca-9d48-a277840f7ad3,63.33,63.33,65.51,MEDIUM,LOW,NO_MOAT,OVERVALUED,"{""XLU"": 1.298968}"
LOW,LOWE S COS INC,XLY,26061,3d3c2a42-d91d-4ef1-aff2-6aeaee03026b,242.07,242.07,261.19,LOW,MEDIUM,WIDE,FAIRLY_VALUED,"{""XLY"": 3.072911}"
LRCX,LAM RESEARCH CORP,XLK,25651,8e27469c-07c3-47cb-8c61-6062d7a81e3d,190.04,190.04,293.12,HIGH,HIGH,WIDE,VERY_OVERVALUED,"{""XLK"": 2.392737}"
LULU,LULULEMON ATHLETICA INC,XLY,26641,d465fbdb-4a01-429a-98f3-bd276ac6031c,519.31,519.31,236.4,MEDIUM,HIGH,NARROW,VERY_UNDERVALUED,"{""XLY"": 0.337178}"
LUV,SOUTHWEST AIRLINES CO,XLI,25647,429be778-1a9a-474b-b4a3-fa793e7f8b86,53.95,53.95,3576.21,MEDIUM,MEDIUM,NO_MOAT,UNDERVALUED,"{""XLI"": 0.341763}"
LVS,LAS VEGAS SANDS CORP,XLY,29587,bf18c298-aa17-4a90-bfa5-b7feba04d421,68.79,68.79,107.63,HIGH,LOW,NO_MOAT,UNDERVALUED,"{""XLY"": 0.378739}"
LYB,LYONDELLBASELL INDU CL A,XLB,29758,36ffdac2-a0ff-4d9d-982b-d105b0796912,72.32,72.32,2952.39,LOW,MEDIUM,NO_MOAT,FAIRLY_VALUED,"{""XLB"": 2.339256}"
LYV,LIVE NATION ENTERTAINMENT IN,XLC,29025,2fed6281-ee10-43af-8998-3e254d100ae6,332.98,332.98,74.31,MEDIUM,LOW,NARROW,VERY_UNDERVALUED,"{""XLC"": 4.443321}"
MA,MASTERCARD INC   A,XLF,26537,549c0bca-8b98-4e1c-adc9-7c3da44f5cf7,561.98,561.98,693.66,HIGH,MEDIUM,WIDE,UNDERVALUED,"{""XLF"": 5.505609}"
MAA,MID AMERICA APARTMENT COMM,XLRE,23926,1d286b95-5383-4a7d-addf-e5a51278b38c,145.96,145.96,95.44,MEDIUM,LOW,NO_MOAT,UNDERVALUED,"{""XLRE"": 1.580214}"
MAR,MARRIOTT INTERNATIONAL  CL A,XLY,24121,672e8c9b-e47f-480f-8e1f-156aa46822fc,210.26,210.26,269.16,MEDIUM,HIGH,WIDE,VERY_OVERVALUED,"{""XLY"": 1.824766}"
MAS,MASCO CORP,XLI,25275,318c2d0b-da94-451d-a7ab-e26c6333a148,83.51,83.51,99.72,MEDIUM,MEDIUM,NARROW,UNDERVALUED,"{""XLI"": 0.268257}"
MCD,MCDONALD S CORP,XLY,26030,e2d18af1-c7e2-44fb-8e23-ff07fd40edb7,274.03,274.03,269.79,MEDIUM,MEDIUM,WIDE,FAIRLY_VALUED,"{""XLY"": 3.911386}"
MCHP,MICROCHIP TECHNOLOGY INC,XLK,25485,6e55df7e-626b-4189-877f-eb523d48824c,77.02,77.02,159.87,MEDIUM,MEDIUM,NARROW,OVERVALUED,"{""XLK"": 0.3736}"
MCK,MCKESSON CORP,XLV,24383,78e0ed83-c985-4a04-8a69-c77214a0dc29,1174.71,1174.71,2877.69,LOW,MEDIUM,WIDE,VERY_UNDERVALUED,"{""XLV"": 1.899191}"
MCO,MOODY S CORP,XLF,24150,127fef27-7780-4bf0-b021-6061fdb151eb,336.48,336.48,336.53,HIGH,HIGH,WIDE,VERY_OVERVALUED,"{""XLF"": 0.952527}"
MDLZ,MONDELEZ INTERNATIONAL INC A,XLP,28547,f3a136c9-4343-45c6-a13e-654f18bd9ffc,27.67,27.67,49.49,LOW,LOW,WIDE,VERY_OVERVALUED,"{""XLP"": 4.941533}"
MDT,MEDTRONIC PLC,XLV,25602,873547b3-93db-4c9d-bdde-45dbac79b7ea,104.07,104.07,94.52,MEDIUM,HIGH,NARROW,UNDERVALUED,"{""XLV"": 1.974311}"
MET,METLIFE INC,XLF,26126,1e5c649e-a2f0-4298-ba0f-40bc8ebcfb3b,78.12,78.12,728.96,MEDIUM,HIGH,NO_MOAT,FAIRLY_VALUED,"{""XLF"": 0.592663}"
META,META PLATFORMS INC CLASS A,XLC,31271,4c2915b2-eb10-43b5-a611-e9e62c42aee0,905.68,905.68,1912.45,HIGH,HIGH,WIDE,VERY_UNDERVALUED,"{""XLC"": 13.512008}"
MGM,MGM RESORTS INTERNATIONAL,XLY,24304,8bd9bbb2-e82f-4fa2-bafc-d51470010eb2,69.32,69.32,91.96,MEDIUM,HIGH,NO_MOAT,VERY_UNDERVALUED,"{""XLY"": 0.17143}"
MKC,MCCORMICK + CO NON VTG SHRS,XLP,24212,6da50e58-d405-40a1-828d-f2aca129f5cf,54.88,54.88,54.88,HIGH,LOW,NO_MOAT,FAIRLY_VALUED,"{""XLP"": 0.841822}"
MLM,MARTIN MARIETTA MATERIALS,XLB,24145,0f3a42c7-99ba-4406-854a-c8b4719704b2,657.85,657.85,1195.78,MEDIUM,HIGH,NARROW,FAIRLY_VALUED,"{""XLB"": 4.49297}"
MMM,3M CO,XLI,24665,4db7e64d-0ec6-474d-aca7-801ba75e7202,73.21,73.21,101.23,HIGH,MEDIUM,NARROW,VERY_OVERVALUED,"{""XLI"": 1.417718}"
MNST,MONSTER BEVERAGE CORP,XLP,24287,112fb325-d945-42a1-a3c5-8a6ec01f7c4a,56.9,56.9,63.0,HIGH,HIGH,NARROW,VERY_OVERVALUED,"{""XLP"": 3.589214}"
MO,ALTRIA GROUP INC,XLP,26713,f1a12a6e-8b46-447e-8129-be8694cb7036,71.63,71.63,74.28,MEDIUM,MEDIUM,WIDE,FAIRLY_VALUED,"{""XLP"": 4.876005}"
MOS,MOSAIC CO/THE,XLB,31280,8ffbf169-d32b-4e26-92be-e68e9fdbfea6,23.44,23.44,18.01,MEDIUM,MEDIUM,NO_MOAT,FAIRLY_VALUED,"{""XLB"": 0.89946}"
MPC,MARATHON PETROLEUM CORP,XLE,31289,a251a8cd-03a9-4e6f-b0ee-6b9e05d48953,93.14,93.14,1916.24,HIGH,MEDIUM,NO_MOAT,VERY_OVERVALUED,"{""XLE"": 3.98444}"
MPWR,MONOLITHIC POWER SYSTEMS INC,XLK,26671,53190e5d-b20d-4d5d-9c14-1f3cb70935f5,779.41,779.41,1223.62,HIGH,HIGH,NARROW,VERY_OVERVALUED,"{""XLK"": 0.584338}"
MRK,MERCK + CO. INC.,XLV,28676,546f7004-3b38-4fae-9e8a-40cd33056a24,92.23,92.23,106.25,HIGH,HIGH,WIDE,OVERVALUED,"{""XLV"": 5.154011}"
MRNA,MODERNA INC,XLV,32158,cd6966ab-43c8-4262-974e-32e15a183c82,100.96,100.96,,LOW,MEDIUM,NARROW,VERY_UNDERVALUED,"{""XLV"": 0.303848}"
MRSH,MARSH + MCLENNAN COS,XLF,25254,c160e33e-5f11-40a0-97ae-b76b8a158a18,135.54,135.54,193.4,HIGH,HIGH,NARROW,OVERVALUED,"{""XLF"": 1.091407}"
MS,MORGAN STANLEY,XLF,24396,55c0b326-e013-4d80-a7bb-9c9577834936,124.06,124.06,467.79,HIGH,HIGH,NARROW,VERY_OVERVALUED,"{""XLF"": 3.08215}"
MSCI,MSCI INC,XLF,26372,b7f4dc7c-8f62-4dee-b118-ab73f3285efe,486.2,486.2,508.85,MEDIUM,LOW,WIDE,OVERVALUED,"{""XLF"": 0.584174}"
MSFT,MICROSOFT CORP,XLK,24065,a9869c6c-f0ca-4588-87e8-f4c957966af2,553.78,553.78,756.24,HIGH,HIGH,WIDE,UNDERVALUED,"{""XLK"": 9.238151}"
MSI,MOTOROLA SOLUTIONS INC,XLK,31098,db0379f3-94f2-4ea7-ac55-ce32f310f80f,413.24,413.24,343.92,HIGH,HIGH,WIDE,FAIRLY_VALUED,"{""XLK"": 0.540411}"
MTB,M + T BANK CORP,XLF,25380,4a6ebd6e-901a-47d8-9f2b-9fff4c313ad1,197.29,197.29,557.55,HIGH,HIGH,NARROW,OVERVALUED,"{""XLF"": 0.446196}"
MTD,METTLER TOLEDO INTERNATIONAL,XLV,25236,b7ac5ddc-9ccd-46c3-ae9a-aff70eb242b0,823.85,823.85,814.66,MEDIUM,HIGH,WIDE,VERY_OVERVALUED,"{""XLV"": 0.493584}"
MU,MICRON TECHNOLOGY INC,XLK,25498,c7603137-dfae-4e0a-84c5-3f460e547ece,198.13,198.13,128758.4,HIGH,HIGH,NO_MOAT,VERY_OVERVALUED,"{""XLK"": 4.325173}"
NCLH,NORWEGIAN CRUISE LINE HOLDIN,XLY,29436,2cce4a57-c9a9-4ae5-8afe-eaf30240e3cc,21.56,21.56,130.65,MEDIUM,LOW,NARROW,UNDERVALUED,"{""XLY"": 0.189884}"
NDAQ,NASDAQ INC,XLF,27796,49c1c364-2725-4937-9d5e-22175582cafb,82.34,82.34,101.0,HIGH,HIGH,WIDE,OVERVALUED,"{""XLF"": 0.554838}"
NDSN,NORDSON CORP,XLI,24533,27573398-1e8f-4097-8133-2b08397e0c43,239.92,239.92,262.83,HIGH,HIGH,NARROW,OVERVALUED,"{""XLI"": 0.280007}"
NEE,NEXTERA ENERGY INC,XLU,27770,601e5e8f-bc5b-4898-8f6d-37953787b9ce,88.68,88.68,86.89,MEDIUM,LOW,NARROW,OVERVALUED,"{""XLU"": 14.027908}"
NEM,NEWMONT CORP,XLB,24387,0ab3d9bc-5adb-4f59-bef4-3be462559875,68.11,68.11,207.48,HIGH,HIGH,NO_MOAT,VERY_OVERVALUED,"{""XLB"": 7.33619}"
NFLX,NETFLIX INC,XLC,25450,60134307-e04b-4bef-8713-d891f76a1159,82.66,82.66,100.15,HIGH,HIGH,NARROW,OVERVALUED,"{""XLC"": 4.211884}"
NI,NISOURCE INC,XLU,25547,ddcf84d8-7202-4b91-ace8-59ebd66e9895,35.63,35.63,86.36,MEDIUM,LOW,NO_MOAT,VERY_OVERVALUED,"{""XLU"": 1.5899}"
NKE,NIKE INC  CL B,XLY,25609,20ac1925-51ae-44dd-bb38-735c4254f6ab,79.03,79.03,20.02,MEDIUM,HIGH,WIDE,VERY_UNDERVALUED,"{""XLY"": 1.212563}"
NOC,NORTHROP GRUMMAN CORP,XLI,25406,b8d0c145-c640-4e5a-ab2c-8adf25cd5669,538.28,538.28,538.29,HIGH,HIGH,WIDE,FAIRLY_VALUED,"{""XLI"": 1.420177}"
NOW,SERVICENOW INC,XLK,31465,0dc2f38f-b10b-4e11-a091-bba055b8947c,205.92,205.92,275.46,MEDIUM,MEDIUM,WIDE,VERY_UNDERVALUED,"{""XLK"": 0.686394}"
NRG,NRG ENERGY INC,XLU,27721,75623089-b8ef-4b0d-a11f-2c27b170cd0c,90.37,90.37,325.55,LOW,LOW,NO_MOAT,VERY_OVERVALUED,"{""XLU"": 2.26689}"
NSC,NORFOLK SOUTHERN CORP,XLI,25042,a6434d39-f1e9-4062-b2b0-42d9e24395b0,159.29,159.29,252.84,LOW,LOW,WIDE,VERY_OVERVALUED,"{""XLI"": 1.303013}"
NTAP,NETAPP INC,XLK,28059,0a99dbad-3edf-4e5c-a6ac-1bcbb4ec1541,165.62,165.62,184.15,HIGH,HIGH,NARROW,VERY_UNDERVALUED,"{""XLK"": 0.163015}"
NTRS,NORTHERN TRUST CORP,XLF,26051,f5c9f923-b2c9-4ab6-86c8-a057d3309f0f,121.27,121.27,551.63,MEDIUM,HIGH,NO_MOAT,VERY_OVERVALUED,"{""XLF"": 0.416591}"
NUE,NUCOR CORP,XLB,26014,4a377ab4-e1a4-4745-b78d-5b4384380da9,88.36,88.36,607.85,MEDIUM,MEDIUM,NO_MOAT,VERY_OVERVALUED,"{""XLB"": 5.686873}"
NVDA,NVIDIA CORP,XLK,25313,702597a5-895f-4c91-9260-e4f8414b7298,208.62,208.62,196.19,HIGH,HIGH,WIDE,FAIRLY_VALUED,"{""XLK"": 14.795373}"
NVR,NVR INC,XLY,24544,8e07ed1d-c51d-498a-b56f-ca6abc71e609,6817.16,6817.16,6817.16,MEDIUM,HIGH,NO_MOAT,FAIRLY_VALUED,"{""XLY"": 0.405155}"
NWS,NEWS CORP   CLASS B,XLC,38397,44f3dd51-0a4a-44e9-a804-6c809a4306b3,29.08,29.08,48.32,LOW,MEDIUM,NO_MOAT,FAIRLY_VALUED,"{""XLC"": 0.984942}"
NWSA,NEWS CORP   CLASS A,XLC,30407,ebe1e0a8-cf53-4342-944b-51e465892817,29.08,29.08,48.32,LOW,MEDIUM,NO_MOAT,FAIRLY_VALUED,"{""XLC"": 2.576769}"
NXPI,NXP SEMICONDUCTORS NV,XLK,28033,d1a55036-dec1-4f97-addf-a414a534add1,401.23,401.23,485.37,HIGH,HIGH,NARROW,UNDERVALUED,"{""XLK"": 0.549049}"
O,REALTY INCOME CORP,XLRE,24850,f1aaa101-b7cb-4f95-829e-6de85a43bd1a,63.23,63.23,94.11,MEDIUM,HIGH,NO_MOAT,FAIRLY_VALUED,"{""XLRE"": 4.25606}"
ODFL,OLD DOMINION FREIGHT LINE,XLI,24491,0ae5ad5b-839e-4705-be0b-1801e6caca47,166.9,166.9,238.93,MEDIUM,HIGH,NARROW,OVERVALUED,"{""XLI"": 0.718173}"
OKE,ONEOK INC,XLE,24662,113ecdeb-eb7c-42f6-94fb-599bbac0dd25,52.59,52.59,115.34,MEDIUM,LOW,NO_MOAT,VERY_OVERVALUED,"{""XLE"": 3.164816}"
OMC,OMNICOM GROUP,XLC,25852,a0f58ed7-ca41-4f57-a6a8-4f5f42be7768,138.28,138.28,328.68,MEDIUM,LOW,NO_MOAT,VERY_UNDERVALUED,"{""XLC"": 4.260842}"
ON,ON SEMICONDUCTOR,XLK,25537,e0972556-4f1d-4084-821c-f00af875f343,82.87,82.87,410.08,MEDIUM,MEDIUM,NARROW,OVERVALUED,"{""XLK"": 0.295164}"
ORCL,ORACLE CORP,XLK,25988,99e89098-8c39-4b06-9655-0d9a76a89349,260.7,260.7,392.88,MEDIUM,MEDIUM,NARROW,VERY_UNDERVALUED,"{""XLK"": 2.033574}"
ORLY,O REILLY AUTOMOTIVE INC,XLY,25290,e04425b3-fc48-44ef-961d-4fe7baa0135a,66.38,66.38,78.67,MEDIUM,MEDIUM,NARROW,VERY_OVERVALUED,"{""XLY"": 1.919846}"
OTIS,OTIS WORLDWIDE CORP,XLI,32660,dfb4a3bf-f1a5-49a2-82ae-47b7aaa255d7,85.1,85.1,85.1,MEDIUM,LOW,NARROW,FAIRLY_VALUED,"{""XLI"": 0.556221}"
OXY,OCCIDENTAL PETROLEUM CORP,XLE,25479,3ddbebcd-f8ca-4aee-9d87-447fb5c9e753,131.84,131.84,364.56,MEDIUM,MEDIUM,NO_MOAT,VERY_UNDERVALUED,"{""XLE"": 2.370083}"
PANW,PALO ALTO NETWORKS INC,XLK,28570,bd756d1f-f599-451f-8bfe-ec08cb74d596,199.6,199.6,185.52,HIGH,MEDIUM,WIDE,FAIRLY_VALUED,"{""XLK"": 1.076738}"
PAYX,PAYCHEX INC,XLI,26258,7c050600-73ae-4434-b91d-a7a29c4982fe,103.66,103.66,118.1,HIGH,HIGH,NARROW,UNDERVALUED,"{""XLI"": 0.549834}"
PCAR,PACCAR INC,XLI,25439,0d84c3dd-f72a-49ac-9d9f-166842b6c401,145.83,145.83,215.84,LOW,MEDIUM,NARROW,UNDERVALUED,"{""XLI"": 1.146713}"
PCG,P G + E CORP,XLU,24273,8854beb9-2c95-4dd3-8647-ec3bf95b35e9,16.06,16.06,62.85,MEDIUM,LOW,NO_MOAT,FAIRLY_VALUED,"{""XLU"": 2.513857}"
PEG,PUBLIC SERVICE ENTERPRISE GP,XLU,25316,cd25f820-d24a-4dae-835a-0d287f07da41,81.01,81.01,88.97,MEDIUM,LOW,NO_MOAT,FAIRLY_VALUED,"{""XLU"": 2.805025}"
PEP,PEPSICO INC,XLP,26011,896d94b0-e21f-4c63-a9f0-fc7467fca7ec,158.94,158.94,149.84,HIGH,MEDIUM,WIDE,FAIRLY_VALUED,"{""XLP"": 4.555167}"
PFE,PFIZER INC,XLV,25987,8cd42993-d751-4996-987d-9f908e4f0ba4,35.56,35.56,12.22,MEDIUM,MEDIUM,WIDE,UNDERVALUED,"{""XLV"": 2.887301}"
PFG,PRINCIPAL FINANCIAL GROUP,XLF,25860,28aa8da1-01ed-45f3-9207-f20c948a2ff2,48.06,48.06,488.04,MEDIUM,HIGH,NO_MOAT,VERY_OVERVALUED,"{""XLF"": 0.268328}"
PG,PROCTER + GAMBLE CO/THE,XLP,25025,8ddf4618-0d47-486f-a765-6ab777fbd0f4,156.2,156.2,126.05,HIGH,MEDIUM,WIDE,FAIRLY_VALUED,"{""XLP"": 7.188971}"
PGR,PROGRESSIVE CORP,XLF,24505,69c757c7-8d54-495b-9f97-b36e59547f7b,289.93,289.93,339.27,HIGH,HIGH,NARROW,VERY_UNDERVALUED,"{""XLF"": 1.58581}"
PH,PARKER HANNIFIN CORP,XLI,25594,081a1f33-0173-4963-8439-53e8b7e83044,653.38,653.38,735.44,HIGH,HIGH,WIDE,VERY_OVERVALUED,"{""XLI"": 2.108463}"
PHM,PULTEGROUP INC,XLY,24106,34d41b1f-687f-4e1f-9895-01b538e0812b,183.7,183.7,183.71,MEDIUM,HIGH,NO_MOAT,VERY_UNDERVALUED,"{""XLY"": 0.539275}"
PKG,PACKAGING CORP OF AMERICA,XLB,26053,cd08f854-db96-4749-b460-b71773f942ac,175.33,175.33,463.56,MEDIUM,HIGH,NO_MOAT,OVERVALUED,"{""XLB"": 2.323078}"
PLD,PROLOGIS INC,XLRE,25545,5007d84f-859f-45a6-98d4-c055528deefe,138.55,138.55,61.92,MEDIUM,HIGH,NO_MOAT,FAIRLY_VALUED,"{""XLRE"": 8.99889}"
PLTR,PALANTIR TECHNOLOGIES INC A,XLK,32855,99ba2949-dc44-4ddf-8390-9557c509f9ac,143.98,143.98,166.58,HIGH,HIGH,WIDE,FAIRLY_VALUED,"{""XLK"": 2.361295}"
PM,PHILIP MORRIS INTERNATIONAL,XLP,29796,4020eddd-9643-40e3-baa8-1d9317f8906c,172.8,172.8,172.79,LOW,LOW,WIDE,FAIRLY_VALUED,"{""XLP"": 5.403966}"
PNC,PNC FINANCIAL SERVICES GROUP,XLF,25455,f2d7385c-c9cd-4a57-a3c0-0abe4eff01ab,233.2,233.2,429.4,HIGH,HIGH,NARROW,FAIRLY_VALUED,"{""XLF"": 1.210738}"
PNR,PENTAIR PLC,XLI,30559,0f4c99d7-bc0e-4533-8741-65c130ae7302,82.85,82.85,82.84,HIGH,HIGH,NO_MOAT,FAIRLY_VALUED,"{""XLI"": 0.242282}"
PNW,PINNACLE WEST CAPITAL,XLU,26866,d59183e7-c9d8-45d8-86eb-69936ced3597,90.09,90.09,226.42,LOW,LOW,NO_MOAT,OVERVALUED,"{""XLU"": 0.854323}"
PODD,INSULET CORP,XLV,30163,ba5e9b5f-86f8-4aed-bae3-388b643d79df,339.1,339.1,544.39,HIGH,HIGH,NARROW,VERY_UNDERVALUED,"{""XLV"": 0.230314}"
POOL,POOL CORP,XLY,25143,314fcaba-5eed-4348-b4c0-cdb8b228fae9,274.79,274.79,156.88,MEDIUM,MEDIUM,WIDE,UNDERVALUED,"{""XLY"": 0.160466}"
PPG,PPG INDUSTRIES INC,XLB,26266,21a05cf9-c69a-4760-9375-4333b3c81e26,117.93,117.93,155.32,HIGH,MEDIUM,NARROW,FAIRLY_VALUED,"{""XLB"": 2.964935}"
PPL,PPL CORP,XLU,24727,766a1bfe-7187-42ce-ab21-01ceb43a8ea6,36.37,36.37,53.48,LOW,LOW,NO_MOAT,FAIRLY_VALUED,"{""XLU"": 1.905928}"
PRU,PRUDENTIAL FINANCIAL INC,XLF,24034,7f9f4183-f995-4b84-af3a-7df938b67141,111.7,111.7,266.37,HIGH,HIGH,NO_MOAT,UNDERVALUED,"{""XLF"": 0.458943}"
PSA,PUBLIC STORAGE,XLRE,25776,f50a7d49-a59f-417a-a4ae-538604868744,277.72,277.72,247.16,HIGH,LOW,NO_MOAT,FAIRLY_VALUED,"{""XLRE"": 4.323471}"
PSKY,PARAMOUNT SKYDANCE CL B,XLC,32587,c3a440e3-e55a-4bc0-869e-eeeafea3f3f2,7.58,7.58,24.27,LOW,LOW,NO_MOAT,VERY_OVERVALUED,"{""XLC"": 0.841551}"
PSX,PHILLIPS 66,XLE,31412,e3f88699-fbcf-4956-ac91-68d6ff582081,232.63,232.63,232.63,HIGH,MEDIUM,NO_MOAT,UNDERVALUED,"{""XLE"": 3.926626}"
PTC,PTC INC,XLK,28639,24527ac9-d08c-4d71-824d-a0213bceea78,136.35,136.35,138.07,HIGH,HIGH,NARROW,FAIRLY_VALUED,"{""XLK"": 0.120535}"
PWR,QUANTA SERVICES INC,XLI,25652,f038185c-f4e6-4684-8c6e-a73ace44a93e,346.41,346.41,504.85,MEDIUM,HIGH,NARROW,VERY_OVERVALUED,"{""XLI"": 1.99362}"
PYPL,PAYPAL HOLDINGS INC,XLF,31657,ec1f0462-53b4-47f1-93b6-c8cf9e703ae4,101.04,101.04,113.18,HIGH,HIGH,NARROW,VERY_UNDERVALUED,"{""XLF"": 0.620506}"
Q,QNITY ELECTRONICS INC,XLK,79015,50d4704e-2afc-4e1b-8c54-4dd3f48ea0d0,85.58,85.58,114.56,LOW,MEDIUM,NARROW,VERY_OVERVALUED,"{""XLK"": 0.218925}"
QCOM,QUALCOMM INC,XLK,24558,0d4d226b-6355-4673-a6b1-911bca90417f,171.4,171.4,196.58,MEDIUM,HIGH,WIDE,FAIRLY_VALUED,"{""XLK"": 1.423838}"
RCL,ROYAL CARIBBEAN CRUISES LTD,XLY,25774,9d2befe0-be1d-4e12-b239-827cb8c7c078,452.4,452.4,710.94,HIGH,LOW,NARROW,VERY_UNDERVALUED,"{""XLY"": 1.522213}"
REG,REGENCY CENTERS CORP,XLRE,25911,83b50e9d-27c3-4e0f-808b-6e76ceff324c,67.78,67.78,42.02,MEDIUM,HIGH,NO_MOAT,OVERVALUED,"{""XLRE"": 1.340997}"
REGN,REGENERON PHARMACEUTICALS,XLV,24485,c655584a-04e1-453f-b70c-c8a284313a6e,1094.66,1094.66,1094.52,MEDIUM,MEDIUM,WIDE,VERY_UNDERVALUED,"{""XLV"": 1.355576}"
RF,REGIONS FINANCIAL CORP,XLF,29311,b07905a1-823a-4f7e-b411-f9893956c2cc,25.74,25.74,59.61,HIGH,HIGH,NARROW,OVERVALUED,"{""XLF"": 0.33312}"
RJF,RAYMOND JAMES FINANCIAL INC,XLF,24909,4d0a5bde-a320-43d9-8557-6f481d7018aa,406.93,406.93,278.88,HIGH,HIGH,NO_MOAT,VERY_UNDERVALUED,"{""XLF"": 0.373327}"
RL,RALPH LAUREN CORP,XLY,25838,288546b3-8acd-4aa6-8da5-63083666f6f6,428.81,428.81,688.11,HIGH,HIGH,NO_MOAT,UNDERVALUED,"{""XLY"": 0.318084}"
RMD,RESMED INC,XLV,24209,da9f30dc-26e3-4362-ae87-9a7d2f2fa926,290.43,290.43,332.83,HIGH,HIGH,WIDE,UNDERVALUED,"{""XLV"": 0.592414}"
ROK,ROCKWELL AUTOMATION INC,XLI,26066,24e86dc1-e137-4f92-b12b-2cb365387fb8,263.39,263.39,305.37,HIGH,HIGH,NARROW,VERY_OVERVALUED,"{""XLI"": 0.844087}"
ROL,ROLLINS INC,XLI,24770,1e7e3fba-121b-44b6-9f3c-8090fceac14c,30.45,30.45,31.9,HIGH,MEDIUM,NO_MOAT,VERY_OVERVALUED,"{""XLI"": 0.300013}"
ROP,ROPER TECHNOLOGIES INC,XLK,24555,ba0aa561-709a-42a7-90af-c14ca2314275,461.7,461.7,486.85,MEDIUM,LOW,NARROW,UNDERVALUED,"{""XLK"": 0.281041}"
ROST,ROSS STORES INC,XLY,25027,3a9e6730-6420-419e-bd0e-500ed1901dcd,193.1,193.1,259.4,HIGH,HIGH,NARROW,OVERVALUED,"{""XLY"": 1.690238}"
RSG,REPUBLIC SERVICES INC,XLI,25993,ca9af9ea-0172-4ffe-84d0-c0a27f926adf,135.5,135.5,272.87,MEDIUM,MEDIUM,NARROW,VERY_OVERVALUED,"{""XLI"": 0.773434}"
RTX,RTX CORP,XLI,23923,d128b02c-efe4-48d9-ac01-ddbe5fc660cf,115.85,115.85,176.22,MEDIUM,HIGH,WIDE,VERY_OVERVALUED,"{""XLI"": 4.341524}"
RVTY,REVVITY INC,XLV,25952,ee488b5f-f1f5-4b57-be83-b87e6982312e,69.97,69.97,91.72,LOW,MEDIUM,NARROW,OVERVALUED,"{""XLV"": 0.186769}"
SATS,ECHOSTAR CORP A,XLC,27282,a90e1022-5937-43bf-99cf-edfabbacf18b,42.32,42.32,,LOW,LOW,NO_MOAT,VERY_OVERVALUED,"{""XLC"": 4.383413}"
SBAC,SBA COMMUNICATIONS CORP,XLRE,24774,7efb41ef-5ad8-4176-8354-42d92f45922c,296.94,296.94,36.46,MEDIUM,LOW,NO_MOAT,UNDERVALUED,"{""XLRE"": 2.466252}"
SBUX,STARBUCKS CORP,XLY,24227,1901aeea-0640-4f78-80cb-b7c4c2d6dc22,89.03,89.03,148.87,LOW,MEDIUM,WIDE,OVERVALUED,"{""XLY"": 2.752968}"
SCHW,SCHWAB (CHARLES) CORP,XLF,25043,899ad1c0-209c-4794-9606-0c946167a18f,259.96,259.96,367.56,HIGH,MEDIUM,WIDE,VERY_UNDERVALUED,"{""XLF"": 2.057538}"
SHW,SHERWIN WILLIAMS CO/THE,XLB,25604,23d1cd3c-ab75-4e63-ba2c-94d107e85329,192.34,192.34,253.65,HIGH,MEDIUM,WIDE,VERY_OVERVALUED,"{""XLB"": 4.486819}"
SJM,JM SMUCKER CO/THE,XLP,24793,d370f8d4-a38c-45cf-92ea-416bc7734e0f,88.56,88.56,123.37,LOW,LOW,NO_MOAT,OVERVALUED,"{""XLP"": 0.682935}"
SLB,SLB LTD,XLE,25301,bf6f866e-cca9-4692-a02f-84d4b1d727ff,54.32,54.32,80.1,MEDIUM,HIGH,NARROW,FAIRLY_VALUED,"{""XLE"": 4.626805}"
SMCI,SUPER MICRO COMPUTER INC,XLK,30121,d6172505-6e33-49e4-92f0-c13c8366e85f,47.63,47.63,29.55,LOW,MEDIUM,NARROW,VERY_UNDERVALUED,"{""XLK"": 0.102442}"
SNA,SNAP ON INC,XLI,25179,271ac528-2a33-4eef-9bcb-e67ea25f0651,429.54,429.54,429.5,HIGH,HIGH,NARROW,UNDERVALUED,"{""XLI"": 0.365114}"
SNDK,SANDISK CORP,XLK,61508,2919f70e-a5ec-4d2b-a1d2-8555552108f0,802.63,802.63,66316.86,HIGH,HIGH,NO_MOAT,VERY_OVERVALUED,"{""XLK"": 1.202698}"
SNPS,SYNOPSYS INC,XLK,25671,3389d6a2-a07f-4a35-b23e-f0d064e51386,315.2,315.2,436.57,MEDIUM,MEDIUM,WIDE,VERY_OVERVALUED,"{""XLK"": 0.686044}"
SO,SOUTHERN CO/THE,XLU,24044,98aed4eb-baae-4c5e-8044-e81b1d8466c2,85.46,85.46,128.69,MEDIUM,LOW,NO_MOAT,OVERVALUED,"{""XLU"": 7.327235}"
SOLV,SOLVENTUM CORP,XLV,52355,9458a902-ddbb-483f-a063-6f40d288cea3,156.85,156.85,22.18,MEDIUM,LOW,NARROW,VERY_UNDERVALUED,"{""XLV"": 0.188882}"
SPG,SIMON PROPERTY GROUP INC,XLRE,25917,957e3a11-b439-4a28-954d-439953018af2,250.53,250.53,9.72,HIGH,LOW,NO_MOAT,UNDERVALUED,"{""XLRE"": 4.607262}"
SPGI,S+P GLOBAL INC,XLF,25513,6e33844f-c527-4a73-8f66-532ac8abe072,515.65,515.65,476.17,HIGH,MEDIUM,WIDE,UNDERVALUED,"{""XLF"": 1.77365}"
SRE,SEMPRA,XLU,24642,c84fe7bb-9631-4158-9ded-905703e2247e,74.08,74.08,115.85,LOW,LOW,NO_MOAT,OVERVALUED,"{""XLU"": 4.272387}"
STE,STERIS PLC,XLV,31540,9f4fdd87-7f82-47ce-800b-43e3e58892c3,205.69,205.69,289.83,MEDIUM,HIGH,WIDE,FAIRLY_VALUED,"{""XLV"": 0.40457}"
STLD,STEEL DYNAMICS INC,XLB,24437,2ea58e16-104a-41a3-b691-8f08696023ca,413.38,413.38,413.41,MEDIUM,MEDIUM,NO_MOAT,VERY_UNDERVALUED,"{""XLB"": 3.82235}"
STT,STATE STREET CORP,XLF,26031,59568901-c406-414b-a013-acc047cfc795,104.68,104.68,,HIGH,HIGH,WIDE,VERY_OVERVALUED,"{""XLF"": 0.573371}"
STX,SEAGATE TECHNOLOGY HOLDINGS,XLK,28611,ba4ac853-aad6-4aa8-83d2-b3b4cdb12559,130.69,130.69,1896.86,HIGH,MEDIUM,NO_MOAT,VERY_OVERVALUED,"{""XLK"": 1.091535}"
STZ,CONSTELLATION BRANDS INC A,XLP,25673,fbfe0de7-53f8-45ce-a9f5-4fcd125495e7,322.01,322.01,216.86,MEDIUM,MEDIUM,NARROW,VERY_UNDERVALUED,"{""XLP"": 1.435898}"
SW,SMURFIT WESTROCK PLC,XLB,43568,4d07a7d3-c51e-4a05-bf31-2a6643c7a616,30.21,30.21,215.26,MEDIUM,MEDIUM,NO_MOAT,OVERVALUED,"{""XLB"": 2.442183}"
SWK,STANLEY BLACK + DECKER INC,XLI,24481,06ca8ea9-7560-461d-96c9-17a9a27addf2,99.85,99.85,150.93,LOW,LOW,NARROW,UNDERVALUED,"{""XLI"": 0.22204}"
SWKS,SKYWORKS SOLUTIONS INC,XLK,24619,91a8fef4-d44b-4b6f-af1c-4a825bec7725,88.81,88.81,106.53,LOW,MEDIUM,NARROW,UNDERVALUED,"{""XLK"": 0.078404}"
SYF,SYNCHRONY FINANCIAL,XLF,31169,18c22fd7-bd6d-4d02-a85e-53df20ef5e26,221.25,221.25,583.76,HIGH,HIGH,NARROW,VERY_UNDERVALUED,"{""XLF"": 0.356042}"
SYK,STRYKER CORP,XLV,25557,2f403b09-efe0-4ffa-ba48-74517a83d3aa,282.63,282.63,337.5,HIGH,HIGH,WIDE,OVERVALUED,"{""XLV"": 2.064303}"
SYY,SYSCO CORP,XLP,24700,1811437d-0ff2-43dc-9b8c-f7b9998eae33,43.82,43.82,75.45,HIGH,MEDIUM,NARROW,VERY_OVERVALUED,"{""XLP"": 2.336361}"
T,AT+T INC,XLC,29440,30e73697-c7b9-4ea2-89bd-6cd670ef315a,21.53,21.53,121.36,MEDIUM,MEDIUM,NARROW,OVERVALUED,"{""XLC"": 3.797921}"
TAP,MOLSON COORS BEVERAGE CO   B,XLP,29670,baea1249-b770-4ec8-ad22-713e85300a78,47.4,47.4,126.18,LOW,MEDIUM,NO_MOAT,FAIRLY_VALUED,"{""XLP"": 0.472494}"
TDG,TRANSDIGM GROUP INC,XLI,26730,20c34d89-f5e4-46cd-95ee-80727b24a9fa,513.41,513.41,639.58,MEDIUM,LOW,WIDE,VERY_OVERVALUED,"{""XLI"": 1.203491}"
TDY,TELEDYNE TECHNOLOGIES INC,XLK,24834,d3c4fc32-bb22-42f8-906b-33a13cf908f5,458.46,458.46,519.73,MEDIUM,HIGH,WIDE,VERY_OVERVALUED,"{""XLK"": 0.225347}"
TECH,BIO TECHNE CORP,XLV,24423,64bebe27-aaa8-49b8-851d-7a1af0bf70cd,30.12,30.12,33.74,MEDIUM,HIGH,NARROW,VERY_OVERVALUED,"{""XLV"": 0.164609}"
TEL,TE CONNECTIVITY PLC,XLK,31152,4007dc1b-890e-4e2b-814f-43c2ee0be167,354.1,354.1,466.2,MEDIUM,HIGH,NARROW,VERY_UNDERVALUED,"{""XLK"": 0.461506}"
TER,TERADYNE INC,XLK,24605,35612fef-3875-436c-87ea-7d62633fb7de,178.71,178.71,1084.03,HIGH,MEDIUM,WIDE,VERY_OVERVALUED,"{""XLK"": 0.39971}"
TFC,TRUIST FINANCIAL CORP,XLF,25001,591beef8-7020-4705-99a2-bc66050df1af,48.75,48.75,82.9,MEDIUM,HIGH,NO_MOAT,FAIRLY_VALUED,"{""XLF"": 0.873965}"
TGT,TARGET CORP,XLP,25548,b57c2c72-3d2f-4cf5-8a0a-cd44a3cf024f,136.29,136.29,242.38,HIGH,MEDIUM,NO_MOAT,FAIRLY_VALUED,"{""XLP"": 3.836253}"
TJX,TJX COMPANIES INC,XLY,24444,74d09466-12b8-46b3-ba0e-5cdd69a491f2,113.37,113.37,156.88,HIGH,HIGH,WIDE,VERY_OVERVALUED,"{""XLY"": 3.993203}"
TKO,TKO GROUP HOLDINGS INC,XLC,33622,228e17d6-7859-4446-b8d7-060dbdd7f7b8,306.94,306.94,329.06,MEDIUM,HIGH,NARROW,VERY_UNDERVALUED,"{""XLC"": 3.262291}"
TMO,THERMO FISHER SCIENTIFIC INC,XLV,25354,81be9f2a-7e92-416d-bc2c-d684a790156d,629.21,629.21,420.09,MEDIUM,MEDIUM,WIDE,UNDERVALUED,"{""XLV"": 3.4225}"
TMUS,T MOBILE US INC,XLC,29463,0838f1b7-b8e2-4cf9-9411-cfb40952263d,548.87,548.87,1058.02,MEDIUM,HIGH,NARROW,VERY_UNDERVALUED,"{""XLC"": 3.822538}"
TPL,TEXAS PACIFIC LAND CORP,XLE,25904,4534232f-169b-42b9-b6d8-a84fc2b40a05,363.74,363.74,408.38,HIGH,HIGH,WIDE,OVERVALUED,"{""XLE"": 1.397601}"
TPR,TAPESTRY INC,XLY,24372,cfb763e2-56c2-4b10-b911-4d87f77a3f65,236.22,236.22,257.18,HIGH,HIGH,NO_MOAT,VERY_UNDERVALUED,"{""XLY"": 0.67356}"
TRGP,TARGA RESOURCES CORP,XLE,24809,4264e3c4-ace5-449e-a1e8-b5b375716282,165.06,165.06,392.91,MEDIUM,LOW,NO_MOAT,VERY_OVERVALUED,"{""XLE"": 3.036965}"
TRMB,TRIMBLE INC,XLK,24912,0a052680-7277-45f7-a143-558d95466b99,61.63,61.63,43.29,MEDIUM,MEDIUM,NARROW,FAIRLY_VALUED,"{""XLK"": 0.119018}"
TROW,T ROWE PRICE GROUP INC,XLF,25470,991abb47-a616-4780-9bec-7f96907edfbf,124.53,124.53,185.3,HIGH,MEDIUM,NARROW,UNDERVALUED,"{""XLF"": 0.302327}"
TRV,TRAVELERS COS INC/THE,XLF,29026,d809a9b1-4894-4fb2-879f-f3422f5ce6af,485.37,485.37,750.49,HIGH,HIGH,NARROW,VERY_UNDERVALUED,"{""XLF"": 0.886954}"
TSCO,TRACTOR SUPPLY COMPANY,XLY,24712,8b056c57-5878-48fe-bb6b-050362df58eb,47.45,47.45,56.62,HIGH,HIGH,WIDE,UNDERVALUED,"{""XLY"": 0.42543}"
TSLA,TESLA INC,XLY,29070,e831a481-8057-49d3-b8e8-dbe5036ca004,174,174.0,396.99,HIGH,HIGH,NARROW,VERY_OVERVALUED,"{""XLY"": 17.949421}"
TSN,TYSON FOODS INC CL A,XLP,24880,6cdc209f-857f-494c-b601-2bd311fbb27d,65.04,65.04,160.68,LOW,HIGH,NO_MOAT,FAIRLY_VALUED,"{""XLP"": 1.18004}"
TT,TRANE TECHNOLOGIES PLC,XLI,25170,4a129ef7-6138-43cb-a144-39e8c4efccf3,441.63,441.63,441.59,HIGH,HIGH,NARROW,OVERVALUED,"{""XLI"": 2.002694}"
TTD,TRADE DESK INC/THE  CLASS A,XLC,27126,095df538-8bfd-45ec-8644-85a5d38c065d,64.38,64.38,79.13,MEDIUM,MEDIUM,NARROW,VERY_UNDERVALUED,"{""XLC"": 2.746745}"
TTWO,TAKE TWO INTERACTIVE SOFTWRE,XLC,24051,ff3873d2-3b80-4159-9fc9-2ad34d6239b5,114.84,114.84,445.22,LOW,HIGH,NARROW,VERY_OVERVALUED,"{""XLC"": 4.631133}"
TXN,TEXAS INSTRUMENTS INC,XLK,25087,a7739e13-dbae-42d6-9102-b57ad69b509c,156.16,156.16,285.05,MEDIUM,MEDIUM,WIDE,VERY_OVERVALUED,"{""XLK"": 1.895533}"
TXT,TEXTRON INC,XLI,24747,1eddbc7e-0604-4e7b-ab36-d9fab62cf816,83.66,83.66,135.13,LOW,HIGH,NARROW,OVERVALUED,"{""XLI"": 0.306585}"
TYL,TYLER TECHNOLOGIES INC,XLK,25784,91aa62af-b403-4824-8a4e-238163677125,456.22,456.22,461.75,LOW,HIGH,WIDE,UNDERVALUED,"{""XLK"": 0.1091}"
UAL,UNITED AIRLINES HOLDINGS INC,XLI,29418,34ffddd3-53e6-4cdd-8070-d081d5164e24,36.52,36.52,900.65,MEDIUM,LOW,NO_MOAT,VERY_OVERVALUED,"{""XLI"": 0.534817}"
UBER,UBER TECHNOLOGIES INC,XLI,32404,14249db8-1010-4973-9102-8bd4d3a762ac,84.72,84.72,84.17,HIGH,HIGH,NARROW,UNDERVALUED,"{""XLI"": 2.820902}"
UDR,UDR INC,XLRE,30078,30e12f13-e66c-47b7-9b45-3c8729fc9d67,39.84,39.84,14.49,HIGH,LOW,NO_MOAT,FAIRLY_VALUED,"{""XLRE"": 1.143599}"
UHS,UNIVERSAL HEALTH SERVICES B,XLV,23973,d14976dc-1c07-4e2c-9c88-e4add6aa9c7d,434.44,434.44,550.8,MEDIUM,HIGH,NO_MOAT,VERY_UNDERVALUED,"{""XLV"": 0.17678}"
ULTA,ULTA BEAUTY INC,XLY,26367,c52580ac-e2ba-4187-8bf3-bc5df4fb6e51,456.69,456.69,890.97,HIGH,HIGH,NARROW,OVERVALUED,"{""XLY"": 0.546906}"
UNH,UNITEDHEALTH GROUP INC,XLV,24147,acc9c12b-bdd7-4d39-acc2-3715c8957b0c,420.21,420.21,855.19,HIGH,HIGH,NARROW,UNDERVALUED,"{""XLV"": 6.382811}"
UNP,UNION PACIFIC CORP,XLI,26106,4fe008df-2578-4a1b-8083-d5a2d01b8bd1,246.56,246.56,341.41,HIGH,MEDIUM,WIDE,FAIRLY_VALUED,"{""XLI"": 2.937566}"
UPS,UNITED PARCEL SERVICE CL B,XLI,25775,717d87d8-1764-4178-8d17-10289b5c3e0e,140.06,140.06,217.37,MEDIUM,MEDIUM,NARROW,UNDERVALUED,"{""XLI"": 1.477083}"
URI,UNITED RENTALS INC,XLI,24951,a344e21a-d37a-4413-870c-a48576d6fc3c,912.01,912.01,2161.04,LOW,MEDIUM,NARROW,FAIRLY_VALUED,"{""XLI"": 1.110845}"
USB,US BANCORP,XLF,24701,1d7d1ded-ebbc-4c5f-ab47-dcb96b663e9e,55.82,55.82,113.05,HIGH,HIGH,NARROW,FAIRLY_VALUED,"{""XLF"": 1.183904}"
V,VISA INC CLASS A SHARES,XLF,30440,a4d1a0e3-a312-4a56-9848-854dabc34435,306.58,306.58,322.46,HIGH,HIGH,WIDE,FAIRLY_VALUED,"{""XLF"": 7.453487}"
VICI,VICI PROPERTIES INC,XLRE,31997,97fbbfde-bcdb-4424-afad-212ba7155462,35.5,35.5,26.72,HIGH,HIGH,NO_MOAT,UNDERVALUED,"{""XLRE"": 3.3376}"
VLO,VALERO ENERGY CORP,XLE,25405,5b48350c-ebf4-4528-9311-c75ff1693a6a,96.49,96.49,1200.46,HIGH,MEDIUM,NO_MOAT,VERY_OVERVALUED,"{""XLE"": 4.190825}"
VLTO,VERALTO CORP,XLI,30704,3676d6aa-b5ab-4508-a637-cb0202dc26d4,84.97,84.97,84.97,HIGH,HIGH,NARROW,FAIRLY_VALUED,"{""XLI"": 0.401721}"
VMC,VULCAN MATERIALS CO,XLB,24201,08f04fbf-5226-432d-b37e-ad6deafa8ab7,336.77,336.77,564.53,MEDIUM,HIGH,NARROW,UNDERVALUED,"{""XLB"": 4.85506}"
VRSK,VERISK ANALYTICS INC,XLI,28780,c0210eaa-a2b0-45ac-b872-70cf4426a549,213.66,213.66,268.47,HIGH,HIGH,WIDE,UNDERVALUED,"{""XLI"": 0.471694}"
VRSN,VERISIGN INC,XLK,24474,a3721a76-d878-4fe3-aa7d-6fe18b3bfa0f,330.99,330.99,338.94,LOW,MEDIUM,WIDE,UNDERVALUED,"{""XLK"": 0.164761}"
VRT,VERTIV HOLDINGS CO A,XLI,32192,b1ba088e-739a-4ee1-825d-a7d155e5a4af,324.56,324.56,537.36,HIGH,HIGH,NARROW,FAIRLY_VALUED,"{""XLI"": 2.308569}"
VRTX,VERTEX PHARMACEUTICALS INC,XLV,26291,07f6c23f-82c5-45ee-80fc-73c33afb8af3,462.22,462.22,365.83,MEDIUM,HIGH,WIDE,FAIRLY_VALUED,"{""XLV"": 2.06465}"
VST,VISTRA CORP,XLU,30367,5aa8572e-268d-47a7-a135-a9ea8d2f619c,77.01,77.01,4089.04,LOW,LOW,NO_MOAT,VERY_OVERVALUED,"{""XLU"": 3.459269}"
VTR,VENTAS INC,XLRE,25798,8e306269-8488-4bf9-9f76-2f5722731848,59.93,59.93,299.53,MEDIUM,LOW,NO_MOAT,VERY_OVERVALUED,"{""XLRE"": 4.366701}"
VTRS,VIATRIS INC,XLV,32464,579b3c0b-8fce-4c88-aed9-e2301f650d4d,9.18,9.18,28.14,LOW,MEDIUM,NO_MOAT,VERY_OVERVALUED,"{""XLV"": 0.327275}"
VZ,VERIZON COMMUNICATIONS INC,XLC,24630,81118958-712b-4530-a227-3636d65773d9,43.79,43.79,144.68,MEDIUM,LOW,NARROW,FAIRLY_VALUED,"{""XLC"": 3.99431}"
WAB,WABTEC CORP,XLI,25530,cbfdab10-dd0b-4f86-9006-a50c473e75fd,254.78,254.78,305.3,MEDIUM,HIGH,NARROW,FAIRLY_VALUED,"{""XLI"": 0.845506}"
WAT,WATERS CORP,XLV,24450,1ccae8d4-b8bd-490a-9bcc-1a3d7eb599ff,234.92,234.92,229.94,MEDIUM,HIGH,NARROW,VERY_OVERVALUED,"{""XLV"": 0.576867}"
WBD,WARNER BROS DISCOVERY INC,XLC,33867,88c69742-278f-43ff-901f-6eab0ce3e2ac,15.79,15.79,,LOW,LOW,NARROW,VERY_OVERVALUED,"{""XLC"": 4.176915}"
WDAY,WORKDAY INC CLASS A,XLK,31529,dc8b2532-86ee-4e5b-9c5f-f9bd63556b8d,238.87,238.87,247.82,LOW,HIGH,NARROW,VERY_UNDERVALUED,"{""XLK"": 0.19372}"
WDC,WESTERN DIGITAL CORP,XLK,25837,a8c9f1ab-6928-457d-b864-ea3148cbd029,70.05,70.05,4080.95,HIGH,MEDIUM,NO_MOAT,VERY_OVERVALUED,"{""XLK"": 1.094674}"
WEC,WEC ENERGY GROUP INC,XLU,23924,81c3da95-2054-4a65-b66e-e09acd9740e9,102.5,102.5,186.39,MEDIUM,LOW,NARROW,OVERVALUED,"{""XLU"": 2.641501}"
WELL,WELLTOWER INC,XLRE,25180,e729a93d-16c6-42ab-95e4-5207a672be5a,146.19,146.19,464.16,LOW,HIGH,NO_MOAT,VERY_OVERVALUED,"{""XLRE"": 10.337312}"
WFC,WELLS FARGO + CO,XLF,24451,ead84b2e-9c94-4643-8f99-5033b83eee15,65.79,65.79,,HIGH,HIGH,NARROW,OVERVALUED,"{""XLF"": 3.418345}"
WM,WASTE MANAGEMENT INC,XLI,25359,f0749aca-5216-40c6-9061-349e5da13670,231.22,231.22,345.28,HIGH,MEDIUM,WIDE,FAIRLY_VALUED,"{""XLI"": 1.585235}"
WMB,WILLIAMS COS INC,XLE,24551,837aed78-0e29-4023-a069-591f9afb5200,59.78,59.78,121.8,MEDIUM,LOW,NO_MOAT,OVERVALUED,"{""XLE"": 4.378186}"
WMT,WALMART INC,XLP,25923,567d3ea5-54a1-4fea-802d-6b643ec0a849,60.1,60.1,117.71,MEDIUM,MEDIUM,WIDE,VERY_OVERVALUED,"{""XLP"": 12.162375}"
WRB,WR BERKLEY CORP,XLF,24301,fa4c8514-dfb9-4a6c-ac93-ef776cb7b4c8,67.88,67.88,165.72,HIGH,HIGH,NARROW,FAIRLY_VALUED,"{""XLF"": 0.26768}"
WSM,WILLIAMS SONOMA INC,XLY,25849,5c3aea39-9c3f-468d-8d60-80b8b8c85898,179.99,179.99,218.34,HIGH,MEDIUM,NO_MOAT,FAIRLY_VALUED,"{""XLY"": 0.49621}"
WST,WEST PHARMACEUTICAL SERVICES,XLV,24206,5d34d7e3-b4cd-47c2-a18f-4e1f2b0d19ef,179.01,179.01,277.1,MEDIUM,HIGH,NARROW,VERY_OVERVALUED,"{""XLV"": 0.407184}"
WTW,WILLIS TOWERS WATSON PLC,XLF,24887,bdf46775-b630-4619-b6c9-738c93fd57be,250.48,250.48,634.61,HIGH,HIGH,NO_MOAT,FAIRLY_VALUED,"{""XLF"": 0.327382}"
WY,WEYERHAEUSER CO,XLRE,25615,ed88fb8f-950f-458c-87b5-6b8ddfd55dfd,29.92,29.92,331.95,MEDIUM,MEDIUM,NO_MOAT,UNDERVALUED,"{""XLRE"": 1.848676}"
WYNN,WYNN RESORTS LTD,XLY,26273,bb1c0516-551e-4313-9d40-ae7e13ff4428,181.6,181.6,431.19,LOW,LOW,NARROW,VERY_UNDERVALUED,"{""XLY"": 0.207476}"
XEL,XCEL ENERGY INC,XLU,26111,79d83ff3-5185-47a8-a0f5-96f3644cb102,63.63,63.63,130.19,MEDIUM,LOW,NARROW,VERY_OVERVALUED,"{""XLU"": 3.376609}"
XOM,EXXON MOBIL CORP,XLE,25216,1e9349be-0955-4bce-89b2-7dd4e5458b43,137.07,137.07,362.47,MEDIUM,HIGH,NARROW,OVERVALUED,"{""XLE"": 22.213026}"
XYL,XYLEM INC,XLI,31331,83bfa0eb-572c-4804-a81b-d084aa5f36de,86.2,86.2,124.03,MEDIUM,HIGH,NARROW,VERY_OVERVALUED,"{""XLI"": 0.528829}"
XYZ,BLOCK INC,XLF,31721,1e4a5d5a-4775-4728-a062-85d0c949beb9,45.38,45.38,275.43,LOW,HIGH,NARROW,VERY_OVERVALUED,"{""XLF"": 0.519066}"
YUM,YUM  BRANDS INC,XLY,25012,f3e1abb6-ef3d-4921-970f-7e1325db18f7,138.79,138.79,167.03,MEDIUM,LOW,WIDE,OVERVALUED,"{""XLY"": 1.016719}"
ZBH,ZIMMER BIOMET HOLDINGS INC,XLV,26276,6d6e7534-fa77-4f9e-8cb2-f4ac9a7f80db,74.85,74.85,128.55,LOW,HIGH,NARROW,OVERVALUED,"{""XLV"": 0.310699}"
ZBRA,ZEBRA TECHNOLOGIES CORP CL A,XLK,24678,27dc6b50-6d8b-43f1-959f-e48e33884934,296.51,296.51,481.37,HIGH,MEDIUM,NARROW,UNDERVALUED,"{""XLK"": 0.082695}"
ZTS,ZOETIS INC,XLV,30213,6035a863-c61c-4843-971a-6ef489d51858,158.38,158.38,132.68,HIGH,HIGH,WIDE,UNDERVALUED,"{""XLV"": 0.923058}"
